paradigm,paradigm_short,seq_len,embed_dim,total_flops,total_wall_time_s,total_effective_time_s,total_estimated_hw_time_s,total_memory_bytes,arithmetic_intensity,throughput_gflops,time_qkv_projection,flops_qkv_projection,time_qk_matmul,flops_qk_matmul,time_softmax,flops_softmax,time_av_matmul,flops_av_matmul,time_output_projection,flops_output_projection,info_execution_mode,info_cpu_model,info_peak_tflops_fp32,info_memory_bw_gb_s,info_cpu_count,info_numpy_version,time_fused_attention,flops_fused_attention,info_backend,info_num_heads,info_torch_version,info_gpu_name,info_memory_allocated_mb,info_compute_capability,info_precision,info_sdpa_backend_used,info_head_dim,info_note_if_math,info_tensor_cores,info_tpu_device,info_matmul_precision,info_timing_method,info_array_size,info_clock_hz,info_decomposed_total_time_s,info_simulation_time_s,info_num_timing_iterations,info_framework,info_gpu_model,info_total_instructions,info_total_estimated_cycles,info_isa,info_cycle_model,info_total_tm_operations,info_estimated_hw_time_s,info_arithmetic,info_multiply_method,info_total_effective_cycles,info_parallel_pipes,info_execution_model,info_total_systolic_cycles,info_peak_ops_per_cycle,info_vector_width,info_note
CPU (Fused SDPA),cpu_fused,128,64,8470528,0.0009087019999469,0.0009087019999469,0.0,720896,11.75,9.321568567576962,,,,,,,,,,,real_cpu_fused,,,,,,0.0009087019999469,8470528.0,torch.nn.functional.scaled_dot_product_attention,8.0,2.10.0+cpu,,,,,,,,,,,,,,,,,,,,,,,,,,,,,,,,,
CPU (Fused SDPA),cpu_fused,128,128,25247744,0.0014560429999619,0.0014560429999619,0.0,1310720,19.2625,17.339971416132634,,,,,,,,,,,real_cpu_fused,,,,,,0.0014560429999619,25247744.0,torch.nn.functional.scaled_dot_product_attention,8.0,2.10.0+cpu,,,,,,,,,,,,,,,,,,,,,,,,,,,,,,,,,
CPU (Fused SDPA),cpu_fused,128,256,83968000,0.0037691590000576,0.0037691590000576,0.0,2883584,29.119318181818183,22.277648674071493,,,,,,,,,,,real_cpu_fused,,,,,,0.0037691590000576,83968000.0,torch.nn.functional.scaled_dot_product_attention,8.0,2.10.0+cpu,,,,,,,,,,,,,,,,,,,,,,,,,,,,,,,,,
CPU (Fused SDPA),cpu_fused,256,64,25493504,0.0030334729999594,0.0030334729999594,0.0,1900544,13.413793103448276,8.404064911848725,,,,,,,,,,,real_cpu_fused,,,,,,0.0030334729999594,25493504.0,torch.nn.functional.scaled_dot_product_attention,8.0,2.10.0+cpu,,,,,,,,,,,,,,,,,,,,,,,,,,,,,,,,,
CPU (Fused SDPA),cpu_fused,256,128,67436544,0.0043518969999922,0.0043518969999922,0.0,2883584,23.38636363636364,15.495896157496295,,,,,,,,,,,real_cpu_fused,,,,,,0.0043518969999922,67436544.0,torch.nn.functional.scaled_dot_product_attention,8.0,2.10.0+cpu,,,,,,,,,,,,,,,,,,,,,,,,,,,,,,,,,
CPU (Fused SDPA),cpu_fused,256,256,201654272,0.0092054220000363,0.0092054220000363,0.0,5242880,38.4625,21.90603233607358,,,,,,,,,,,real_cpu_fused,,,,,,0.0092054220000363,201654272.0,torch.nn.functional.scaled_dot_product_attention,8.0,2.10.0+cpu,,,,,,,,,,,,,,,,,,,,,,,,,,,,,,,,,
CPU (Fused SDPA),cpu_fused,512,64,85196800,0.0121006260000058,0.0121006260000058,0.0,5832704,14.606741573033707,7.040693597170836,,,,,,,,,,,real_cpu_fused,,,,,,0.0121006260000058,85196800.0,torch.nn.functional.scaled_dot_product_attention,8.0,2.10.0+cpu,,,,,,,,,,,,,,,,,,,,,,,,,,,,,,,,,
CPU (Fused SDPA),cpu_fused,512,128,202637312,0.0144551930000034,0.0144551930000034,0.0,7602176,26.655172413793103,14.018305532133128,,,,,,,,,,,real_cpu_fused,,,,,,0.0144551930000034,202637312.0,torch.nn.functional.scaled_dot_product_attention,8.0,2.10.0+cpu,,,,,,,,,,,,,,,,,,,,,,,,,,,,,,,,,
CPU (Fused SDPA),cpu_fused,512,256,538181632,0.0258126950000132,0.0258126950000132,0.0,11534336,46.65909090909091,20.849494095820816,,,,,,,,,,,real_cpu_fused,,,,,,0.0258126950000132,538181632.0,torch.nn.functional.scaled_dot_product_attention,8.0,2.10.0+cpu,,,,,,,,,,,,,,,,,,,,,,,,,,,,,,,,,
CPU (Fused SDPA),cpu_fused,1024,64,307232768,0.0446714119999569,0.0446714119999569,0.0,19988480,15.37049180327869,6.87761488265238,,,,,,,,,,,real_cpu_fused,,,,,,0.0446714119999569,307232768.0,torch.nn.functional.scaled_dot_product_attention,8.0,2.10.0+cpu,,,,,,,,,,,,,,,,,,,,,,,,,,,,,,,,,
CPU (Fused SDPA),cpu_fused,1024,128,676331520,0.0594517330000599,0.0594517330000599,0.0,23330816,28.98876404494382,11.37614474584481,,,,,,,,,,,real_cpu_fused,,,,,,0.0594517330000599,676331520.0,torch.nn.functional.scaled_dot_product_attention,8.0,2.10.0+cpu,,,,,,,,,,,,,,,,,,,,,,,,,,,,,,,,,
CPU (Fused SDPA),cpu_fused,1024,256,1615855616,0.0829114709999885,0.0829114709999885,0.0,30408704,53.13793103448276,19.4889271232472,,,,,,,,,,,real_cpu_fused,,,,,,0.0829114709999885,1615855616.0,torch.nn.functional.scaled_dot_product_attention,8.0,2.10.0+cpu,,,,,,,,,,,,,,,,,,,,,,,,,,,,,,,,,
CPU (Fused SDPA),cpu_fused,2048,64,1161822208,0.1745566159999043,0.1745566159999043,0.0,73465856,15.814451382694024,6.655847452958395,,,,,,,,,,,real_cpu_fused,,,,,,0.1745566159999043,1161822208.0,torch.nn.functional.scaled_dot_product_attention,8.0,2.10.0+cpu,,,,,,,,,,,,,,,,,,,,,,,,,,,,,,,,,
CPU (Fused SDPA),cpu_fused,2048,128,2436890624,0.2084351579999293,0.2084351579999293,0.0,79953920,30.478688524590165,11.691360744432698,,,,,,,,,,,real_cpu_fused,,,,,,0.2084351579999293,2436890624.0,torch.nn.functional.scaled_dot_product_attention,8.0,2.10.0+cpu,,,,,,,,,,,,,,,,,,,,,,,,,,,,,,,,,
CPU (Fused SDPA),cpu_fused,2048,256,5389680640,0.3036870829999998,0.3036870829999998,0.0,93323264,57.752808988764045,17.74748068557135,,,,,,,,,,,real_cpu_fused,,,,,,0.3036870829999998,5389680640.0,torch.nn.functional.scaled_dot_product_attention,8.0,2.10.0+cpu,,,,,,,,,,,,,,,,,,,,,,,,,,,,,,,,,
GPU (Fused SDPA),gpu_fused,128,64,8470528,0.0016721919775009,0.0016721919775009,0.0,720896,11.75,5.065523644395886,,,,,,,,,,,real_cuda_fused,,,,,,0.0016721919775009,8470528.0,torch.nn.functional.scaled_dot_product_attention,8.0,,Tesla T4,,7.5,float32,math (fallback),8.0,T4 (sm_75) + FP32 → SDPA uses math backend (no FlashAttention). Flash requires Ampere+ (sm_80) and FP16/BF16.,,,,,,,,,,,,,,,,,,,,,,,,,,
GPU (Fused SDPA),gpu_fused,128,128,25247744,0.0017353600263595,0.0017353600263595,0.0,1310720,19.2625,14.54899480021144,,,,,,,,,,,real_cuda_fused,,,,,,0.0017353600263595,25247744.0,torch.nn.functional.scaled_dot_product_attention,8.0,,Tesla T4,,7.5,float32,math (fallback),16.0,T4 (sm_75) + FP32 → SDPA uses math backend (no FlashAttention). Flash requires Ampere+ (sm_80) and FP16/BF16.,,,,,,,,,,,,,,,,,,,,,,,,,,
GPU (Fused SDPA),gpu_fused,128,256,83968000,0.0018186240196228,0.0018186240196228,0.0,2883584,29.119318181818183,46.171170672988055,,,,,,,,,,,real_cuda_fused,,,,,,0.0018186240196228,83968000.0,torch.nn.functional.scaled_dot_product_attention,8.0,,Tesla T4,,7.5,float32,math (fallback),32.0,T4 (sm_75) + FP32 → SDPA uses math backend (no FlashAttention). Flash requires Ampere+ (sm_80) and FP16/BF16.,,,,,,,,,,,,,,,,,,,,,,,,,,
GPU (Fused SDPA),gpu_fused,256,64,25493504,0.0012343360185623,0.0012343360185623,0.0,1900544,13.413793103448276,20.65361750497515,,,,,,,,,,,real_cuda_fused,,,,,,0.0012343360185623,25493504.0,torch.nn.functional.scaled_dot_product_attention,8.0,,Tesla T4,,7.5,float32,math (fallback),8.0,T4 (sm_75) + FP32 → SDPA uses math backend (no FlashAttention). Flash requires Ampere+ (sm_80) and FP16/BF16.,,,,,,,,,,,,,,,,,,,,,,,,,,
GPU (Fused SDPA),gpu_fused,256,128,67436544,0.0012909760475158,0.0012909760475158,0.0,2883584,23.38636363636364,52.23686692697608,,,,,,,,,,,real_cuda_fused,,,,,,0.0012909760475158,67436544.0,torch.nn.functional.scaled_dot_product_attention,8.0,,Tesla T4,,7.5,float32,math (fallback),16.0,T4 (sm_75) + FP32 → SDPA uses math backend (no FlashAttention). Flash requires Ampere+ (sm_80) and FP16/BF16.,,,,,,,,,,,,,,,,,,,,,,,,,,
GPU (Fused SDPA),gpu_fused,256,256,201654272,0.0017940479516983,0.0017940479516983,0.0,5242880,38.4625,112.4018295102467,,,,,,,,,,,real_cuda_fused,,,,,,0.0017940479516983,201654272.0,torch.nn.functional.scaled_dot_product_attention,8.0,,Tesla T4,,7.5,float32,math (fallback),32.0,T4 (sm_75) + FP32 → SDPA uses math backend (no FlashAttention). Flash requires Ampere+ (sm_80) and FP16/BF16.,,,,,,,,,,,,,,,,,,,,,,,,,,
GPU (Fused SDPA),gpu_fused,512,64,85196800,0.0026970880031585,0.0026970880031585,0.0,5832704,14.606741573033707,31.58843904990335,,,,,,,,,,,real_cuda_fused,,,,,,0.0026970880031585,85196800.0,torch.nn.functional.scaled_dot_product_attention,8.0,,Tesla T4,,7.5,float32,math (fallback),8.0,T4 (sm_75) + FP32 → SDPA uses math backend (no FlashAttention). Flash requires Ampere+ (sm_80) and FP16/BF16.,,,,,,,,,,,,,,,,,,,,,,,,,,
GPU (Fused SDPA),gpu_fused,512,128,202637312,0.0028805119991302,0.0028805119991302,0.0,7602176,26.655172413793103,70.3476715463032,,,,,,,,,,,real_cuda_fused,,,,,,0.0028805119991302,202637312.0,torch.nn.functional.scaled_dot_product_attention,8.0,,Tesla T4,,7.5,float32,math (fallback),16.0,T4 (sm_75) + FP32 → SDPA uses math backend (no FlashAttention). Flash requires Ampere+ (sm_80) and FP16/BF16.,,,,,,,,,,,,,,,,,,,,,,,,,,
GPU (Fused SDPA),gpu_fused,512,256,538181632,0.0042300162315368,0.0042300162315368,0.0,11534336,46.65909090909091,127.2292120270342,,,,,,,,,,,real_cuda_fused,,,,,,0.0042300162315368,538181632.0,torch.nn.functional.scaled_dot_product_attention,8.0,,Tesla T4,,7.5,float32,math (fallback),32.0,T4 (sm_75) + FP32 → SDPA uses math backend (no FlashAttention). Flash requires Ampere+ (sm_80) and FP16/BF16.,,,,,,,,,,,,,,,,,,,,,,,,,,
GPU (Fused SDPA),gpu_fused,1024,64,307232768,0.0093163518905639,0.0093163518905639,0.0,19988480,15.37049180327869,32.97779770547092,,,,,,,,,,,real_cuda_fused,,,,,,0.0093163518905639,307232768.0,torch.nn.functional.scaled_dot_product_attention,8.0,,Tesla T4,,7.5,float32,math (fallback),8.0,T4 (sm_75) + FP32 → SDPA uses math backend (no FlashAttention). Flash requires Ampere+ (sm_80) and FP16/BF16.,,,,,,,,,,,,,,,,,,,,,,,,,,
GPU (Fused SDPA),gpu_fused,1024,128,676331520,0.0102035522460937,0.0102035522460937,0.0,23330816,28.98876404494382,66.28392776240466,,,,,,,,,,,real_cuda_fused,,,,,,0.0102035522460937,676331520.0,torch.nn.functional.scaled_dot_product_attention,8.0,,Tesla T4,,7.5,float32,math (fallback),16.0,T4 (sm_75) + FP32 → SDPA uses math backend (no FlashAttention). Flash requires Ampere+ (sm_80) and FP16/BF16.,,,,,,,,,,,,,,,,,,,,,,,,,,
GPU (Fused SDPA),gpu_fused,1024,256,1615855616,0.0133278398513793,0.0133278398513793,0.0,30408704,53.13793103448276,121.23912307010228,,,,,,,,,,,real_cuda_fused,,,,,,0.0133278398513793,1615855616.0,torch.nn.functional.scaled_dot_product_attention,8.0,,Tesla T4,,7.5,float32,math (fallback),32.0,T4 (sm_75) + FP32 → SDPA uses math backend (no FlashAttention). Flash requires Ampere+ (sm_80) and FP16/BF16.,,,,,,,,,,,,,,,,,,,,,,,,,,
GPU (Fused SDPA),gpu_fused,2048,64,1161822208,0.0401408004760742,0.0401408004760742,0.0,73465856,15.814451382694024,28.943673126112667,,,,,,,,,,,real_cuda_fused,,,,,,0.0401408004760742,1161822208.0,torch.nn.functional.scaled_dot_product_attention,8.0,,Tesla T4,,7.5,float32,math (fallback),8.0,T4 (sm_75) + FP32 → SDPA uses math backend (no FlashAttention). Flash requires Ampere+ (sm_80) and FP16/BF16.,,,,,,,,,,,,,,,,,,,,,,,,,,
GPU (Fused SDPA),gpu_fused,2048,128,2436890624,0.0433977928161621,0.0433977928161621,0.0,79953920,30.478688524590165,56.152409278576464,,,,,,,,,,,real_cuda_fused,,,,,,0.0433977928161621,2436890624.0,torch.nn.functional.scaled_dot_product_attention,8.0,,Tesla T4,,7.5,float32,math (fallback),16.0,T4 (sm_75) + FP32 → SDPA uses math backend (no FlashAttention). Flash requires Ampere+ (sm_80) and FP16/BF16.,,,,,,,,,,,,,,,,,,,,,,,,,,
GPU (Fused SDPA),gpu_fused,2048,256,5389680640,0.0517183036804199,0.0517183036804199,0.0,93323264,57.752808988764045,104.21224704708332,,,,,,,,,,,real_cuda_fused,,,,,,0.0517183036804199,5389680640.0,torch.nn.functional.scaled_dot_product_attention,8.0,,Tesla T4,,7.5,float32,math (fallback),32.0,T4 (sm_75) + FP32 → SDPA uses math backend (no FlashAttention). Flash requires Ampere+ (sm_80) and FP16/BF16.,,,,,,,,,,,,,,,,,,,,,,,,,,
GPU FP16 (Control Flow),gpu_fp16,128,64,8470528,0.0002533119954168,0.0002533119954168,0.0,360448,23.5,33.439111266957234,7.715199887752532e-05,3145728.0,7.017599791288375e-05,2097152.0,2.694400027394295e-05,81920.0,3.894399851560593e-05,2097152.0,4.009599983692169e-05,1048576.0,real_cuda_fp16,,,,,,,,,,,Tesla T4,,7.5,float16,,,,enabled (FP16 Tensor Core path available),,,,,,,,,,,,,,,,,,,,,,,,,
GPU FP16 (Control Flow),gpu_fp16,128,128,25247744,0.0002332159988582,0.0002332159988582,0.0,655360,38.525,108.25905651245516,6.348799914121628e-05,12582912.0,6.918399780988693e-05,4194304.0,2.7807999402284623e-05,81920.0,3.881600126624108e-05,4194304.0,3.392000123858452e-05,4194304.0,real_cuda_fp16,,,,,,,,,,,Tesla T4,,7.5,float16,,,,enabled (FP16 Tensor Core path available),,,,,,,,,,,,,,,,,,,,,,,,,
GPU FP16 (Control Flow),gpu_fp16,128,256,83968000,0.0002325759958475,0.0002325759958475,0.0,1441792,58.23863636363637,361.0346789830705,6.31679967045784e-05,50331648.0,7.027199864387512e-05,8388608.0,2.678400091826916e-05,81920.0,3.891199827194214e-05,8388608.0,3.3440001308918e-05,16777216.0,real_cuda_fp16,,,,,,,,,,,Tesla T4,,7.5,float16,,,,enabled (FP16 Tensor Core path available),,,,,,,,,,,,,,,,,,,,,,,,,
GPU FP16 (Control Flow),gpu_fp16,256,64,25493504,0.0002547520026564,0.0002547520026564,0.0,950272,26.82758620689655,100.07184922655428,6.87360018491745e-05,6291456.0,7.577600330114365e-05,8388608.0,2.9920000582933426e-05,327680.0,4.2879998683929446e-05,8388608.0,3.743999823927879e-05,2097152.0,real_cuda_fp16,,,,,,,,,,,Tesla T4,,7.5,float16,,,,enabled (FP16 Tensor Core path available),,,,,,,,,,,,,,,,,,,,,,,,,
GPU FP16 (Control Flow),gpu_fp16,256,128,67436544,0.0002732479982078,0.0002732479982078,0.0,1441792,46.77272727272727,246.7961135756021,6.934399902820587e-05,25165824.0,8.396799862384797e-05,16777216.0,2.985600009560585e-05,327680.0,4.492799937725067e-05,16777216.0,4.5152001082897183e-05,8388608.0,real_cuda_fp16,,,,,,,,,,,Tesla T4,,7.5,float16,,,,enabled (FP16 Tensor Core path available),,,,,,,,,,,,,,,,,,,,,,,,,
GPU FP16 (Control Flow),gpu_fp16,256,256,201654272,0.0002464959975332,0.0002464959975332,0.0,2621440,76.925,818.0833523385622,6.758400052785873e-05,100663296.0,7.497599720954895e-05,33554432.0,2.9023999348282813e-05,327680.0,4.016000032424927e-05,33554432.0,3.4752000123262405e-05,33554432.0,real_cuda_fp16,,,,,,,,,,,Tesla T4,,7.5,float16,,,,enabled (FP16 Tensor Core path available),,,,,,,,,,,,,,,,,,,,,,,,,
GPU FP16 (Control Flow),gpu_fp16,512,64,85196800,0.0002392640020698,0.0002392640020698,0.0,2916352,29.21348314606741,356.07863808586933,6.179200112819672e-05,12582912.0,6.963200122117996e-05,33554432.0,2.665599994361401e-05,1310720.0,4.502400010824204e-05,33554432.0,3.6159999668598176e-05,4194304.0,real_cuda_fp16,,,,,,,,,,,Tesla T4,,7.5,float16,,,,enabled (FP16 Tensor Core path available),,,,,,,,,,,,,,,,,,,,,,,,,
GPU FP16 (Control Flow),gpu_fp16,512,128,202637312,0.0002409279998391,0.0002409279998391,0.0,3801088,53.310344827586206,841.0699965767999,6.467200070619584e-05,50331648.0,7.56480023264885e-05,67108864.0,2.662399969995021e-05,1310720.0,4.095999896526337e-05,67108864.0,3.302399814128876e-05,16777216.0,real_cuda_fp16,,,,,,,,,,,Tesla T4,,7.5,float16,,,,enabled (FP16 Tensor Core path available),,,,,,,,,,,,,,,,,,,,,,,,,
GPU FP16 (Control Flow),gpu_fp16,512,256,538181632,0.0002449920047074,0.0002449920047074,0.0,5767168,93.3181818181818,2196.731410245985,6.355199962854386e-05,201326592.0,7.16800019145012e-05,134217728.0,2.8672000393271447e-05,1310720.0,4.614400118589401e-05,134217728.0,3.4944001585245135e-05,67108864.0,real_cuda_fp16,,,,,,,,,,,Tesla T4,,7.5,float16,,,,enabled (FP16 Tensor Core path available),,,,,,,,,,,,,,,,,,,,,,,,,
GPU FP16 (Control Flow),gpu_fp16,1024,64,307232768,0.0002760000042617,0.0002760000042617,0.0,9994240,30.74098360655738,1113.1621857101484,6.63679987192154e-05,25165824.0,7.372800260782241e-05,134217728.0,3.145600110292435e-05,5242880.0,6.758400052785873e-05,134217728.0,3.686400130391121e-05,8388608.0,real_cuda_fp16,,,,,,,,,,,Tesla T4,,7.5,float16,,,,enabled (FP16 Tensor Core path available),,,,,,,,,,,,,,,,,,,,,,,,,
GPU FP16 (Control Flow),gpu_fp16,1024,128,676331520,0.0002371519990265,0.0002371519990265,0.0,11665408,57.97752808988764,2851.890444846386,6.319999694824218e-05,100663296.0,7.180800288915634e-05,268435456.0,2.8672000393271447e-05,5242880.0,4.233599826693535e-05,268435456.0,3.1136000528931616e-05,33554432.0,real_cuda_fp16,,,,,,,,,,,Tesla T4,,7.5,float16,,,,enabled (FP16 Tensor Core path available),,,,,,,,,,,,,,,,,,,,,,,,,
GPU FP16 (Control Flow),gpu_fp16,1024,256,1615855616,0.0002347200009971,0.0002347200009971,0.0,15204352,106.27586206896552,6884.183747167648,6.009599938988686e-05,402653184.0,6.956800073385239e-05,536870912.0,2.7232000604271888e-05,5242880.0,4.710400104522705e-05,536870912.0,3.071999922394752e-05,134217728.0,real_cuda_fp16,,,,,,,,,,,Tesla T4,,7.5,float16,,,,enabled (FP16 Tensor Core path available),,,,,,,,,,,,,,,,,,,,,,,,,
GPU FP16 (Control Flow),gpu_fp16,2048,64,1161822208,0.0004258240051567,0.0004258240051567,0.0,36732928,31.628902765388048,2728.4093755407403,5.923200026154518e-05,50331648.0,0.0001413120031356,536870912.0,0.0001070720031857,20971520.0,8.595199882984161e-05,536870912.0,3.225599974393845e-05,16777216.0,real_cuda_fp16,,,,,,,,,,,Tesla T4,,7.5,float16,,,,enabled (FP16 Tensor Core path available),,,,,,,,,,,,,,,,,,,,,,,,,
GPU FP16 (Control Flow),gpu_fp16,2048,128,2436890624,0.000465696003288,0.000465696003288,0.0,39976960,60.95737704918033,5232.792651846737,6.57920017838478e-05,201326592.0,0.0001464000046253,1073741824.0,0.0001114879995584,20971520.0,0.0001044479981064,1073741824.0,3.756799921393395e-05,67108864.0,real_cuda_fp16,,,,,,,,,,,Tesla T4,,7.5,float16,,,,enabled (FP16 Tensor Core path available),,,,,,,,,,,,,,,,,,,,,,,,,
GPU FP16 (Control Flow),gpu_fp16,2048,256,5389680640,0.0004758400022983,0.0004758400022983,0.0,46661632,115.50561797752808,11326.66571529779,6.143999844789505e-05,805306368.0,0.0001710080057382,2147483648.0,0.0001098880022764,20971520.0,9.942399710416794e-05,2147483648.0,3.407999873161316e-05,268435456.0,real_cuda_fp16,,,,,,,,,,,Tesla T4,,7.5,float16,,,,enabled (FP16 Tensor Core path available),,,,,,,,,,,,,,,,,,,,,,,,,
GPU FP16 (Fused SDPA),gpu_fused_fp16,128,64,8470528,0.0001679359972476,0.0001679359972476,0.0,360448,23.5,50.43902521688938,,,,,,,,,,,real_cuda_fused_fp16,,,,,,0.0001679359972476,8470528.0,torch.nn.functional.scaled_dot_product_attention,8.0,,Tesla T4,,7.5,float16,mem_efficient,8.0,,,,,,,,,,,,,,,,,,,,,,,,,,,
GPU FP16 (Fused SDPA),gpu_fused_fp16,128,128,25247744,0.0001725119948387,0.0001725119948387,0.0,655360,38.525,146.35355659532365,,,,,,,,,,,real_cuda_fused_fp16,,,,,,0.0001725119948387,25247744.0,torch.nn.functional.scaled_dot_product_attention,8.0,,Tesla T4,,7.5,float16,mem_efficient,16.0,,,,,,,,,,,,,,,,,,,,,,,,,,,
GPU FP16 (Fused SDPA),gpu_fused_fp16,128,256,83968000,0.0001740799993276,0.0001740799993276,0.0,1441792,58.23863636363637,482.352943039438,,,,,,,,,,,real_cuda_fused_fp16,,,,,,0.0001740799993276,83968000.0,torch.nn.functional.scaled_dot_product_attention,8.0,,Tesla T4,,7.5,float16,mem_efficient,32.0,,,,,,,,,,,,,,,,,,,,,,,,,,,
GPU FP16 (Fused SDPA),gpu_fused_fp16,256,64,25493504,0.0001640640050172,0.0001640640050172,0.0,950272,26.82758620689655,155.38755132373376,,,,,,,,,,,real_cuda_fused_fp16,,,,,,0.0001640640050172,25493504.0,torch.nn.functional.scaled_dot_product_attention,8.0,,Tesla T4,,7.5,float16,mem_efficient,8.0,,,,,,,,,,,,,,,,,,,,,,,,,,,
GPU FP16 (Fused SDPA),gpu_fused_fp16,256,128,67436544,0.0001707199960947,0.0001707199960947,0.0,1441792,46.77272727272727,395.0125676115342,,,,,,,,,,,real_cuda_fused_fp16,,,,,,0.0001707199960947,67436544.0,torch.nn.functional.scaled_dot_product_attention,8.0,,Tesla T4,,7.5,float16,mem_efficient,16.0,,,,,,,,,,,,,,,,,,,,,,,,,,,
GPU FP16 (Fused SDPA),gpu_fused_fp16,256,256,201654272,0.0001584960073232,0.0001584960073232,0.0,2621440,76.925,1272.298750016524,,,,,,,,,,,real_cuda_fused_fp16,,,,,,0.0001584960073232,201654272.0,torch.nn.functional.scaled_dot_product_attention,8.0,,Tesla T4,,7.5,float16,mem_efficient,32.0,,,,,,,,,,,,,,,,,,,,,,,,,,,
GPU FP16 (Fused SDPA),gpu_fused_fp16,512,64,85196800,0.000169407993555,0.000169407993555,0.0,2916352,29.21348314606741,502.90897266488975,,,,,,,,,,,real_cuda_fused_fp16,,,,,,0.000169407993555,85196800.0,torch.nn.functional.scaled_dot_product_attention,8.0,,Tesla T4,,7.5,float16,mem_efficient,8.0,,,,,,,,,,,,,,,,,,,,,,,,,,,
GPU FP16 (Fused SDPA),gpu_fused_fp16,512,128,202637312,0.0001658560037612,0.0001658560037612,0.0,3801088,53.310344827586206,1221.7665167650252,,,,,,,,,,,real_cuda_fused_fp16,,,,,,0.0001658560037612,202637312.0,torch.nn.functional.scaled_dot_product_attention,8.0,,Tesla T4,,7.5,float16,mem_efficient,16.0,,,,,,,,,,,,,,,,,,,,,,,,,,,
GPU FP16 (Fused SDPA),gpu_fused_fp16,512,256,538181632,0.0001655039936304,0.0001655039936304,0.0,5767168,93.3181818181818,3251.774293748015,,,,,,,,,,,real_cuda_fused_fp16,,,,,,0.0001655039936304,538181632.0,torch.nn.functional.scaled_dot_product_attention,8.0,,Tesla T4,,7.5,float16,mem_efficient,32.0,,,,,,,,,,,,,,,,,,,,,,,,,,,
GPU FP16 (Fused SDPA),gpu_fused_fp16,1024,64,307232768,0.0002439039945602,0.0002439039945602,0.0,9994240,30.74098360655738,1259.646315157486,,,,,,,,,,,real_cuda_fused_fp16,,,,,,0.0002439039945602,307232768.0,torch.nn.functional.scaled_dot_product_attention,8.0,,Tesla T4,,7.5,float16,mem_efficient,8.0,,,,,,,,,,,,,,,,,,,,,,,,,,,
GPU FP16 (Fused SDPA),gpu_fused_fp16,1024,128,676331520,0.0002452480047941,0.0002452480047941,0.0,11665408,57.97752808988764,2757.7452488054387,,,,,,,,,,,real_cuda_fused_fp16,,,,,,0.0002452480047941,676331520.0,torch.nn.functional.scaled_dot_product_attention,8.0,,Tesla T4,,7.5,float16,mem_efficient,16.0,,,,,,,,,,,,,,,,,,,,,,,,,,,
GPU FP16 (Fused SDPA),gpu_fused_fp16,1024,256,1615855616,0.0002518720030784,0.0002518720030784,0.0,15204352,106.27586206896552,6415.383989687192,,,,,,,,,,,real_cuda_fused_fp16,,,,,,0.0002518720030784,1615855616.0,torch.nn.functional.scaled_dot_product_attention,8.0,,Tesla T4,,7.5,float16,mem_efficient,32.0,,,,,,,,,,,,,,,,,,,,,,,,,,,
GPU FP16 (Fused SDPA),gpu_fused_fp16,2048,64,1161822208,0.0005369600057601,0.0005369600057601,0.0,36732928,31.628902765388048,2163.7034332848834,,,,,,,,,,,real_cuda_fused_fp16,,,,,,0.0005369600057601,1161822208.0,torch.nn.functional.scaled_dot_product_attention,8.0,,Tesla T4,,7.5,float16,mem_efficient,8.0,,,,,,,,,,,,,,,,,,,,,,,,,,,
GPU FP16 (Fused SDPA),gpu_fused_fp16,2048,128,2436890624,0.0005460159778594,0.0005460159778594,0.0,39976960,60.95737704918033,4463.039036976807,,,,,,,,,,,real_cuda_fused_fp16,,,,,,0.0005460159778594,2436890624.0,torch.nn.functional.scaled_dot_product_attention,8.0,,Tesla T4,,7.5,float16,mem_efficient,16.0,,,,,,,,,,,,,,,,,,,,,,,,,,,
GPU FP16 (Fused SDPA),gpu_fused_fp16,2048,256,5389680640,0.0005595200061798,0.0005595200061798,0.0,46661632,115.50561797752808,9632.686196153549,,,,,,,,,,,real_cuda_fused_fp16,,,,,,0.0005595200061798,5389680640.0,torch.nn.functional.scaled_dot_product_attention,8.0,,Tesla T4,,7.5,float16,mem_efficient,32.0,,,,,,,,,,,,,,,,,,,,,,,,,,,
TPU (Fused SDPA),tpu_fused,128,64,8470528,0.0001401399999849,0.0001401399999849,0.0,720896,11.75,60.44332810695467,,,,,,,,,,,real_tpu_jax,,,,,,0.0001401399999849,8470528.0,JAX fused attention (XLA-optimized),,,,,,,,,,,"TPU_0(process=0,(0,0,0,0))",float32,single_fused_jit,,,,,,"JAX (single JIT, fused timing)",,,,,,,,,,,,,,,,
TPU (Fused SDPA),tpu_fused,128,128,25247744,0.0001318099999707,0.0001318099999707,0.0,1310720,19.2625,191.54649879069612,,,,,,,,,,,real_tpu_jax,,,,,,0.0001318099999707,25247744.0,JAX fused attention (XLA-optimized),,,,,,,,,,,"TPU_0(process=0,(0,0,0,0))",float32,single_fused_jit,,,,,,"JAX (single JIT, fused timing)",,,,,,,,,,,,,,,,
TPU (Fused SDPA),tpu_fused,128,256,83968000,0.0001309599999785,0.0001309599999785,0.0,2883584,29.119318181818183,641.1728773192584,,,,,,,,,,,real_tpu_jax,,,,,,0.0001309599999785,83968000.0,JAX fused attention (XLA-optimized),,,,,,,,,,,"TPU_0(process=0,(0,0,0,0))",float32,single_fused_jit,,,,,,"JAX (single JIT, fused timing)",,,,,,,,,,,,,,,,
TPU (Fused SDPA),tpu_fused,256,64,25493504,0.000131299999964,0.000131299999964,0.0,1900544,13.413793103448276,194.16225443239384,,,,,,,,,,,real_tpu_jax,,,,,,0.000131299999964,25493504.0,JAX fused attention (XLA-optimized),,,,,,,,,,,"TPU_0(process=0,(0,0,0,0))",float32,single_fused_jit,,,,,,"JAX (single JIT, fused timing)",,,,,,,,,,,,,,,,
TPU (Fused SDPA),tpu_fused,256,128,67436544,0.000122680000004,0.000122680000004,0.0,2883584,23.38636363636364,549.6946853421917,,,,,,,,,,,real_tpu_jax,,,,,,0.000122680000004,67436544.0,JAX fused attention (XLA-optimized),,,,,,,,,,,"TPU_0(process=0,(0,0,0,0))",float32,single_fused_jit,,,,,,"JAX (single JIT, fused timing)",,,,,,,,,,,,,,,,
TPU (Fused SDPA),tpu_fused,256,256,201654272,0.0001543100000276,0.0001543100000276,0.0,5242880,38.4625,1306.8127273921698,,,,,,,,,,,real_tpu_jax,,,,,,0.0001543100000276,201654272.0,JAX fused attention (XLA-optimized),,,,,,,,,,,"TPU_0(process=0,(0,0,0,0))",float32,single_fused_jit,,,,,,"JAX (single JIT, fused timing)",,,,,,,,,,,,,,,,
TPU (Fused SDPA),tpu_fused,512,64,85196800,0.0001551099999801,0.0001551099999801,0.0,5832704,14.606741573033707,549.2669718967699,,,,,,,,,,,real_tpu_jax,,,,,,0.0001551099999801,85196800.0,JAX fused attention (XLA-optimized),,,,,,,,,,,"TPU_0(process=0,(0,0,0,0))",float32,single_fused_jit,,,,,,"JAX (single JIT, fused timing)",,,,,,,,,,,,,,,,
TPU (Fused SDPA),tpu_fused,512,128,202637312,0.0001288400000021,0.0001288400000021,0.0,7602176,26.655172413793103,1572.78261406902,,,,,,,,,,,real_tpu_jax,,,,,,0.0001288400000021,202637312.0,JAX fused attention (XLA-optimized),,,,,,,,,,,"TPU_0(process=0,(0,0,0,0))",float32,single_fused_jit,,,,,,"JAX (single JIT, fused timing)",,,,,,,,,,,,,,,,
TPU (Fused SDPA),tpu_fused,512,256,538181632,0.0001945099999716,0.0001945099999716,0.0,11534336,46.65909090909091,2766.858424135199,,,,,,,,,,,real_tpu_jax,,,,,,0.0001945099999716,538181632.0,JAX fused attention (XLA-optimized),,,,,,,,,,,"TPU_0(process=0,(0,0,0,0))",float32,single_fused_jit,,,,,,"JAX (single JIT, fused timing)",,,,,,,,,,,,,,,,
TPU (Fused SDPA),tpu_fused,1024,64,307232768,0.0001991109999721,0.0001991109999721,0.0,19988480,15.37049180327869,1543.022575563144,,,,,,,,,,,real_tpu_jax,,,,,,0.0001991109999721,307232768.0,JAX fused attention (XLA-optimized),,,,,,,,,,,"TPU_0(process=0,(0,0,0,0))",float32,single_fused_jit,,,,,,"JAX (single JIT, fused timing)",,,,,,,,,,,,,,,,
TPU (Fused SDPA),tpu_fused,1024,128,676331520,0.000198360000013,0.000198360000013,0.0,23330816,28.98876404494382,3409.61645470605,,,,,,,,,,,real_tpu_jax,,,,,,0.000198360000013,676331520.0,JAX fused attention (XLA-optimized),,,,,,,,,,,"TPU_0(process=0,(0,0,0,0))",float32,single_fused_jit,,,,,,"JAX (single JIT, fused timing)",,,,,,,,,,,,,,,,
TPU (Fused SDPA),tpu_fused,1024,256,1615855616,0.0002303200000142,0.0002303200000142,0.0,30408704,53.13793103448276,7015.698228118524,,,,,,,,,,,real_tpu_jax,,,,,,0.0002303200000142,1615855616.0,JAX fused attention (XLA-optimized),,,,,,,,,,,"TPU_0(process=0,(0,0,0,0))",float32,single_fused_jit,,,,,,"JAX (single JIT, fused timing)",,,,,,,,,,,,,,,,
TPU (Fused SDPA),tpu_fused,2048,64,1161822208,0.0002393199999914,0.0002393199999914,0.0,73465856,15.814451382694024,4854.680795760042,,,,,,,,,,,real_tpu_jax,,,,,,0.0002393199999914,1161822208.0,JAX fused attention (XLA-optimized),,,,,,,,,,,"TPU_0(process=0,(0,0,0,0))",float32,single_fused_jit,,,,,,"JAX (single JIT, fused timing)",,,,,,,,,,,,,,,,
TPU (Fused SDPA),tpu_fused,2048,128,2436890624,0.0002191400000128,0.0002191400000128,0.0,79953920,30.478688524590165,11120.245614021693,,,,,,,,,,,real_tpu_jax,,,,,,0.0002191400000128,2436890624.0,JAX fused attention (XLA-optimized),,,,,,,,,,,"TPU_0(process=0,(0,0,0,0))",float32,single_fused_jit,,,,,,"JAX (single JIT, fused timing)",,,,,,,,,,,,,,,,
TPU (Fused SDPA),tpu_fused,2048,256,5389680640,0.0003417309999917,0.0003417309999917,0.0,93323264,57.752808988764045,15771.705347566914,,,,,,,,,,,real_tpu_jax,,,,,,0.0003417309999917,5389680640.0,JAX fused attention (XLA-optimized),,,,,,,,,,,"TPU_0(process=0,(0,0,0,0))",float32,single_fused_jit,,,,,,"JAX (single JIT, fused timing)",,,,,,,,,,,,,,,,
CPU (Control Flow),cpu,128,64,8470528,0.0008061000025918,0.0008061000025918,1.9398656e-05,720896,11.75,10.508036190007164,0.0002229000001534,3145728.0,0.0001477000005252,2097152.0,0.0002091000005748,81920.0,0.0001337000012426,2097152.0,9.270000009564684e-05,1048576.0,real_cpu,Intel i7 AVX2 (estimated),0.5,50.0,4.0,2.0.2,,,,,,,,,,,,,,,,,,,,,,,,,,,,,,,,,,,,,,
CPU (Control Flow),cpu,128,128,25247744,0.0012700999977823,0.0012700999977823,5.2953088e-05,1310720,19.2625,19.87854818052361,0.000493200001074,12582912.0,0.0002195999986724,4194304.0,0.000210700000025,81920.0,0.0001684999988356,4194304.0,0.0001780999991751,4194304.0,real_cpu,Intel i7 AVX2 (estimated),0.5,50.0,4.0,2.0.2,,,,,,,,,,,,,,,,,,,,,,,,,,,,,,,,,,,,,,
CPU (Control Flow),cpu,128,256,83968000,0.0023547000018879,0.0023547000018879,0.0001703936,2883584,29.119318181818183,35.65974431251337,0.0011787000003096,50331648.0,0.0002901999996538,8388608.0,0.0002438999999867,81920.0,0.0002410000015515,8388608.0,0.0004009000003861,16777216.0,real_cpu,Intel i7 AVX2 (estimated),0.5,50.0,4.0,2.0.2,,,,,,,,,,,,,,,,,,,,,,,,,,,,,,,,,,,,,,
CPU (Control Flow),cpu,256,64,25493504,0.0020299999996495,0.0020299999996495,6.0817408e-05,1900544,13.413793103448276,12.558376356847578,0.0004432999994605,6291456.0,0.000361200000043,8388608.0,0.0007423999995808,327680.0,0.0003185999994457,8388608.0,0.0001645000011194,2097152.0,real_cpu,Intel i7 AVX2 (estimated),0.5,50.0,4.0,2.0.2,,,,,,,,,,,,,,,,,,,,,,,,,,,,,,,,,,,,,,
CPU (Control Flow),cpu,256,128,67436544,0.0027735000003303,0.0027735000003303,0.000144703488,2883584,23.38636363636364,24.314600321603308,0.0007541000013588,25165824.0,0.0005407000007835,16777216.0,0.0007568000000901,327680.0,0.0004656999990402,16777216.0,0.0002561999990575,8388608.0,real_cpu,Intel i7 AVX2 (estimated),0.5,50.0,4.0,2.0.2,,,,,,,,,,,,,,,,,,,,,,,,,,,,,,,,,,,,,,
CPU (Control Flow),cpu,256,256,201654272,0.0051821999986714,0.0051821999986714,0.000413138944,5242880,38.4625,38.91286944766678,0.0021154999994905,100663296.0,0.000810100000308,33554432.0,0.0008232000000134,327680.0,0.000734299999749,33554432.0,0.0006990999991103,33554432.0,real_cpu,Intel i7 AVX2 (estimated),0.5,50.0,4.0,2.0.2,,,,,,,,,,,,,,,,,,,,,,,,,,,,,,,,,,,,,,
CPU (Control Flow),cpu,512,64,85196800,0.0163065999986429,0.0163065999986429,0.0002097152,5832704,14.606741573033707,5.2246820310236535,0.0005886999988433,12582912.0,0.0026770000004034,33554432.0,0.0084795999991911,1310720.0,0.0040053000011539,33554432.0,0.0005559999990509,4194304.0,real_cpu,Intel i7 AVX2 (estimated),0.5,50.0,4.0,2.0.2,,,,,,,,,,,,,,,,,,,,,,,,,,,,,,,,,,,,,,
CPU (Control Flow),cpu,512,128,202637312,0.0153460000001359,0.0153460000001359,0.000444596224,7602176,26.655172413793103,13.204568747439367,0.0014554999997926,50331648.0,0.0032869999995455,67108864.0,0.0078129000012268,1310720.0,0.0022430999997595,67108864.0,0.0005474999998114,16777216.0,real_cpu,Intel i7 AVX2 (estimated),0.5,50.0,4.0,2.0.2,,,,,,,,,,,,,,,,,,,,,,,,,,,,,,,,,,,,,,
CPU (Control Flow),cpu,512,256,538181632,0.0263431999974272,0.0263431999974272,0.001115684864,11534336,46.65909090909091,20.42962252317712,0.0078381000002991,201326592.0,0.0044710999991366,134217728.0,0.0091414999988046,1310720.0,0.0030446000000665,134217728.0,0.0018478999991202,67108864.0,real_cpu,Intel i7 AVX2 (estimated),0.5,50.0,4.0,2.0.2,,,,,,,,,,,,,,,,,,,,,,,,,,,,,,,,,,,,,,
CPU (Control Flow),cpu,1024,64,307232768,0.0537722000008216,0.0537722000008216,0.0007717519359999,19988480,15.37049180327869,5.713598625224662,0.001110700000936,25165824.0,0.0170438999994075,134217728.0,0.0294970000013563,5242880.0,0.0057359999991604,134217728.0,0.0003845999999612,8388608.0,real_cpu,Intel i7 AVX2 (estimated),0.5,50.0,4.0,2.0.2,,,,,,,,,,,,,,,,,,,,,,,,,,,,,,,,,,,,,,
CPU (Control Flow),cpu,1024,128,676331520,0.0912765000011859,0.0912765000011859,0.00150994944,23330816,28.98876404494382,7.409700415673395,0.0077744000009261,100663296.0,0.0240986000007978,268435456.0,0.0389923999991879,5242880.0,0.0185698000004777,268435456.0,0.0018412999997963,33554432.0,real_cpu,Intel i7 AVX2 (estimated),0.5,50.0,4.0,2.0.2,,,,,,,,,,,,,,,,,,,,,,,,,,,,,,,,,,,,,,
CPU (Control Flow),cpu,1024,256,1615855616,0.0835275999997975,0.0835275999997975,0.003388997632,30408704,53.13793103448276,19.34516993190175,0.0147281000008661,402653184.0,0.0256620000000111,536870912.0,0.0229725999997754,5242880.0,0.0167911999997159,536870912.0,0.0033736999994289,134217728.0,real_cpu,Intel i7 AVX2 (estimated),0.5,50.0,4.0,2.0.2,,,,,,,,,,,,,,,,,,,,,,,,,,,,,,,,,,,,,,
CPU (Control Flow),cpu,2048,64,1161822208,0.1963366999989375,0.1963366999989375,0.0029527900159999,73465856,15.814451382694024,5.917498908794368,0.0033124000001407,50331648.0,0.0557530000005499,536870912.0,0.10526149999896,20971520.0,0.0297659000007115,536870912.0,0.0022438999985752,16777216.0,real_cpu,Intel i7 AVX2 (estimated),0.5,50.0,4.0,2.0.2,,,,,,,,,,,,,,,,,,,,,,,,,,,,,,,,,,,,,,
CPU (Control Flow),cpu,2048,128,2436890624,0.246175399999629,0.246175399999629,0.005502926848,79953920,30.478688524590165,9.899001378706696,0.0137163999988842,201326592.0,0.0703757000010227,1073741824.0,0.1030276000001322,20971520.0,0.0562754999991739,1073741824.0,0.0027802000004157,67108864.0,real_cpu,Intel i7 AVX2 (estimated),0.5,50.0,4.0,2.0.2,,,,,,,,,,,,,,,,,,,,,,,,,,,,,,,,,,,,,,
CPU (Control Flow),cpu,2048,256,5389680640,0.2971944000000803,0.2971944000000803,0.01140850688,93323264,57.752808988764045,18.13520254755319,0.028616099998544,805306368.0,0.0945484999992913,2147483648.0,0.1012857999994594,20971520.0,0.0657815000013215,2147483648.0,0.0069625000014639,268435456.0,real_cpu,Intel i7 AVX2 (estimated),0.5,50.0,4.0,2.0.2,,,,,,,,,,,,,,,,,,,,,,,,,,,,,,,,,,,,,,
GPU (Control Flow),gpu,128,64,8470528,0.0007686000008106,5.22528e-05,5.22528e-05,720896,11.75,162.10668136444363,1.0768e-05,3145728.0,1.04096e-05,2097152.0,1.04096e-05,81920.0,1.04096e-05,2097152.0,1.0256e-05,1048576.0,roofline_simulation,,8.1,320.0,,,,,,,,,,,,,,,,,,,,,,,,,NVIDIA T4 (estimated),,,,,,,,,,,,,,,
GPU (Control Flow),gpu,128,128,25247744,0.0012330999998084,5.4096000000000005e-05,5.4096000000000005e-05,1310720,19.2625,466.7210884353741,1.18432e-05,12582912.0,1.06144e-05,4194304.0,1.04096e-05,81920.0,1.06144e-05,4194304.0,1.06144e-05,4194304.0,roofline_simulation,,8.1,320.0,,,,,,,,,,,,,,,,,,,,,,,,,NVIDIA T4 (estimated),,,,,,,,,,,,,,,
GPU (Control Flow),gpu,128,256,83968000,0.0022770999985368,6.076590617283951e-05,6.076590617283951e-05,2883584,29.119318181818183,1381.827496510389,1.6213783703703704e-05,50331648.0,1.1035630617283953e-05,8388608.0,1.04096e-05,81920.0,1.1035630617283953e-05,8388608.0,1.20712612345679e-05,16777216.0,roofline_simulation,,8.1,320.0,,,,,,,,,,,,,,,,,,,,,,,,,NVIDIA T4 (estimated),,,,,,,,,,,,,,,
GPU (Control Flow),gpu,256,64,25493504,0.0019556999995984,5.59392e-05,5.59392e-05,1900544,13.413793103448276,455.7359418797551,1.13824e-05,6291456.0,1.12288e-05,8388608.0,1.16384e-05,327680.0,1.12288e-05,8388608.0,1.0460800000000002e-05,2097152.0,roofline_simulation,,8.1,320.0,,,,,,,,,,,,,,,,,,,,,,,,,NVIDIA T4 (estimated),,,,,,,,,,,,,,,
GPU (Control Flow),gpu,256,128,67436544,0.0026676999987103,5.9923444938271606e-05,5.9923444938271606e-05,2883584,23.38636363636364,1125.3782900744072,1.3106891851851852e-05,25165824.0,1.20712612345679e-05,16777216.0,1.16384e-05,327680.0,1.20712612345679e-05,16777216.0,1.1035630617283953e-05,8388608.0,roofline_simulation,,8.1,320.0,,,,,,,,,,,,,,,,,,,,,,,,,NVIDIA T4 (estimated),,,,,,,,,,,,,,,
GPU (Control Flow),gpu,256,256,201654272,0.0072831999987101,7.649353481481482e-05,7.649353481481482e-05,5242880,38.4625,2636.226348908964,2.242756740740741e-05,100663296.0,1.4142522469135804e-05,33554432.0,1.16384e-05,327680.0,1.4142522469135804e-05,33554432.0,1.4142522469135804e-05,33554432.0,roofline_simulation,,8.1,320.0,,,,,,,,,,,,,,,,,,,,,,,,,NVIDIA T4 (estimated),,,,,,,,,,,,,,,
GPU (Control Flow),gpu,512,64,85196800,0.0157096000002638,6.83202449382716e-05,6.83202449382716e-05,5832704,14.606741573033707,1247.0212903507097,1.26112e-05,12582912.0,1.4142522469135804e-05,33554432.0,1.65536e-05,1310720.0,1.4142522469135804e-05,33554432.0,1.08704e-05,4194304.0,roofline_simulation,,8.1,320.0,,,,,,,,,,,,,,,,,,,,,,,,,NVIDIA T4 (estimated),,,,,,,,,,,,,,,
GPU (Control Flow),gpu,512,128,202637312,0.0166232000010495,8.140873481481482e-05,8.140873481481482e-05,7602176,26.655172413793103,2489.1347649727127,1.6213783703703704e-05,50331648.0,1.8285044938271605e-05,67108864.0,1.65536e-05,1310720.0,1.8285044938271605e-05,67108864.0,1.20712612345679e-05,16777216.0,roofline_simulation,,8.1,320.0,,,,,,,,,,,,,,,,,,,,,,,,,NVIDIA T4 (estimated),,,,,,,,,,,,,,,
GPU (Control Flow),gpu,512,256,538181632,0.0238406999997096,0.0001228339595061,0.0001228339595061,11534336,46.65909090909091,4381.374940314892,3.485513481481481e-05,201326592.0,2.657008987654321e-05,134217728.0,1.65536e-05,1310720.0,2.657008987654321e-05,134217728.0,1.8285044938271605e-05,67108864.0,roofline_simulation,,8.1,320.0,,,,,,,,,,,,,,,,,,,,,,,,,NVIDIA T4 (estimated),,,,,,,,,,,,,,,
GPU (Control Flow),gpu,1024,64,307232768,0.0474608000004082,0.000116112979753,0.000116112979753,19988480,15.37049180327869,2645.981255957161,1.50688e-05,25165824.0,2.657008987654321e-05,134217728.0,3.62144e-05,5242880.0,2.657008987654321e-05,134217728.0,1.16896e-05,8388608.0,roofline_simulation,,8.1,320.0,,,,,,,,,,,,,,,,,,,,,,,,,NVIDIA T4 (estimated),,,,,,,,,,,,,,,
GPU (Control Flow),gpu,1024,128,676331520,0.0637389999992592,0.0001590648493827,0.0001590648493827,23330816,28.98876404494382,4251.923178657284,2.242756740740741e-05,100663296.0,4.3140179753086416e-05,268435456.0,3.62144e-05,5242880.0,4.3140179753086416e-05,268435456.0,1.4142522469135804e-05,33554432.0,roofline_simulation,,8.1,320.0,,,,,,,,,,,,,,,,,,,,,,,,,NVIDIA T4 (estimated),,,,,,,,,,,,,,,
GPU (Control Flow),gpu,1024,256,1615855616,0.0848189999996975,0.0002750554785185,0.0002750554785185,30408704,53.13793103448276,5874.65345065363,5.971026962962963e-05,402653184.0,7.628035950617283e-05,536870912.0,3.62144e-05,5242880.0,7.628035950617283e-05,536870912.0,2.657008987654321e-05,134217728.0,roofline_simulation,,8.1,320.0,,,,,,,,,,,,,,,,,,,,,,,,,NVIDIA T4 (estimated),,,,,,,,,,,,,,,
GPU (Control Flow),gpu,2048,64,1161822208,0.2050818999996408,0.0003007303190123,0.0003007303190123,73465856,15.814451382694024,3863.3358013772618,1.9984e-05,50331648.0,7.628035950617283e-05,536870912.0,0.0001148576,20971520.0,7.628035950617283e-05,536870912.0,1.3328000000000002e-05,16777216.0,roofline_simulation,,8.1,320.0,,,,,,,,,,,,,,,,,,,,,,,,,NVIDIA T4 (estimated),,,,,,,,,,,,,,,
GPU (Control Flow),gpu,2048,128,2436890624,0.2432933999989472,0.0004531192177777,0.0004531192177777,79953920,30.478688524590165,5378.034142871245,3.485513481481481e-05,201326592.0,0.0001425607190123,1073741824.0,0.0001148576,20971520.0,0.0001425607190123,1073741824.0,1.8285044938271605e-05,67108864.0,roofline_simulation,,8.1,320.0,,,,,,,,,,,,,,,,,,,,,,,,,NVIDIA T4 (estimated),,,,,,,,,,,,,,,
GPU (Control Flow),gpu,2048,256,5389680640,0.336178600000494,0.0008176611950617,0.0008176611950617,93323264,57.752808988764045,6591.58178540332,0.0001094205392592,805306368.0,0.0002751214380246,2147483648.0,0.0001148576,20971520.0,0.0002751214380246,2147483648.0,4.3140179753086416e-05,268435456.0,roofline_simulation,,8.1,320.0,,,,,,,,,,,,,,,,,,,,,,,,,NVIDIA T4 (estimated),,,,,,,,,,,,,,,
GaAs (RISC-V),gaas_riscv,128,64,8470528,0.0007982999977684,0.05545575,0.05545575,720896,11.75,0.1527439084314971,0.020545539,3145728.0,0.013697025,2097152.0,0.000700416,81920.0,0.013664257,2097152.0,0.006848513,1048576.0,,,,,,,,,,,,,,,,,,,,,,,,,,,,,,17119238.0,55455750.0,RISC-V RV32I subset (10 instructions),"1 ALU, 3 MUL, 4 LW, 10 FDIV",,,,,,,,,,,
GaAs (RISC-V),gaas_riscv,128,128,25247744,0.0004462000015337,0.164671494,0.164671494,1310720,19.2625,0.1533218858146753,0.081985539,12582912.0,0.027328513,4194304.0,0.000700416,81920.0,0.027328513,4194304.0,0.027328513,4194304.0,,,,,,,,,,,,,,,,,,,,,,,,,,,,,,50755590.0,164671494.0,RISC-V RV32I subset (10 instructions),"1 ALU, 3 MUL, 4 LW, 10 FDIV",,,,,,,,,,,
GaAs (RISC-V),gaas_riscv,128,256,83968000,0.0010480000000825,0.546680838,0.546680838,2883584,29.119318181818183,0.1535960183041937,0.327548931,50331648.0,0.054591489,8388608.0,0.000700416,81920.0,0.054657025,8388608.0,0.109182977,16777216.0,,,,,,,,,,,,,,,,,,,,,,,,,,,,,,168359942.0,546680838.0,RISC-V RV32I subset (10 instructions),"1 ALU, 3 MUL, 4 LW, 10 FDIV",,,,,,,,,,,
GaAs (RISC-V),gaas_riscv,256,64,25493504,0.0004464000030566,0.16696935,0.16696935,1900544,13.413793103448276,0.1526837350687416,0.041091075,6291456.0,0.054788097,8388608.0,0.002801664,327680.0,0.054591489,8388608.0,0.013697025,2097152.0,,,,,,,,,,,,,,,,,,,,,,,,,,,,,,51535878.0,166969350.0,RISC-V RV32I subset (10 instructions),"1 ALU, 3 MUL, 4 LW, 10 FDIV",,,,,,,,,,,
GaAs (RISC-V),gaas_riscv,256,128,67436544,0.000443400000222,0.43992679,0.43992679,2883584,23.38636363636364,0.1532903781558745,0.163971075,25165824.0,0.109314049,16777216.0,0.002801664,327680.0,0.109182977,16777216.0,0.054657025,8388608.0,,,,,,,,,,,,,,,,,,,,,,,,,,,,,,135585798.0,439926790.0,RISC-V RV32I subset (10 instructions),"1 ALU, 3 MUL, 4 LW, 10 FDIV",,,,,,,,,,,
GaAs (RISC-V),gaas_riscv,256,256,201654272,0.0004459000028873,1.312997382,1.312997382,5242880,38.4625,0.1535831485763008,0.655097859,100663296.0,0.218365953,33554432.0,0.002801664,327680.0,0.218365953,33554432.0,0.218365953,33554432.0,,,,,,,,,,,,,,,,,,,,,,,,,,,,,,404348934.0,1312997382.0,RISC-V RV32I subset (10 instructions),"1 ALU, 3 MUL, 4 LW, 10 FDIV",,,,,,,,,,,
GaAs (RISC-V),gaas_riscv,512,64,85196800,0.0004458000003069,0.558170118,0.558170118,5832704,14.606741573033707,0.1526359030205196,0.082182147,12582912.0,0.219152385,33554432.0,0.011206656,1310720.0,0.218234881,33554432.0,0.027394049,4194304.0,,,,,,,,,,,,,,,,,,,,,,,,,,,,,,172261382.0,558170118.0,RISC-V RV32I subset (10 instructions),"1 ALU, 3 MUL, 4 LW, 10 FDIV",,,,,,,,,,,
GaAs (RISC-V),gaas_riscv,512,128,202637312,0.0006794999972044,1.322188806,1.322188806,7602176,26.655172413793103,0.1532589831954756,0.327942147,50331648.0,0.437256193,67108864.0,0.011206656,1310720.0,0.436469761,67108864.0,0.109314049,16777216.0,,,,,,,,,,,,,,,,,,,,,,,,,,,,,,407470086.0,1322188806.0,RISC-V RV32I subset (10 instructions),"1 ALU, 3 MUL, 4 LW, 10 FDIV",,,,,,,,,,,
GaAs (RISC-V),gaas_riscv,512,256,538181632,0.0004468999995879,3.504537606,3.504537606,11534336,46.65909090909091,0.1535670871611129,1.310195715,201326592.0,0.873463809,134217728.0,0.011206656,1310720.0,0.872939521,134217728.0,0.436731905,67108864.0,,,,,,,,,,,,,,,,,,,,,,,,,,,,,,1079214086.0,3504537606.0,RISC-V RV32I subset (10 instructions),"1 ALU, 3 MUL, 4 LW, 10 FDIV",,,,,,,,,,,
GaAs (RISC-V),gaas_riscv,1024,64,307232768,0.0006568000007973,2.013265926,2.013265926,19988480,15.37049180327869,0.1526041662118708,0.164364291,25165824.0,0.876609537,134217728.0,0.044826624,5242880.0,0.872677377,134217728.0,0.054788097,8388608.0,,,,,,,,,,,,,,,,,,,,,,,,,,,,,,621281286.0,2013265926.0,RISC-V RV32I subset (10 instructions),"1 ALU, 3 MUL, 4 LW, 10 FDIV",,,,,,,,,,,
GaAs (RISC-V),gaas_riscv,1024,128,676331520,0.0005921000010857,4.413718534,4.413718534,23330816,28.98876404494382,0.153233948832497,0.655884291,100663296.0,1.749024769,268435456.0,0.044826624,5242880.0,1.745354753,268435456.0,0.218628097,33554432.0,,,,,,,,,,,,,,,,,,,,,,,,,,,,,,1360134150.0,4413718534.0,RISC-V RV32I subset (10 instructions),"1 ALU, 3 MUL, 4 LW, 10 FDIV",,,,,,,,,,,
GaAs (RISC-V),gaas_riscv,1024,256,1615855616,0.0005081000017526,10.523246598,10.523246598,30408704,53.13793103448276,0.1535510548909024,2.620391427,402653184.0,3.493855233,536870912.0,0.044826624,5242880.0,3.490709505,536870912.0,0.873463809,134217728.0,,,,,,,,,,,,,,,,,,,,,,,,,,,,,,3240493062.0,10523246598.0,RISC-V RV32I subset (10 instructions),"1 ALU, 3 MUL, 4 LW, 10 FDIV",,,,,,,,,,,
GaAs (RISC-V),gaas_riscv,2048,64,1161822208,0.000445599998784,7.61423463,7.61423463,73465856,15.814451382694024,0.1525855538286715,0.328728579,50331648.0,3.506438145,536870912.0,0.179306496,20971520.0,3.490185217,536870912.0,0.109576193,16777216.0,,,,,,,,,,,,,,,,,,,,,,,,,,,,,,2349596678.0,7614234630.0,RISC-V RV32I subset (10 instructions),"1 ALU, 3 MUL, 4 LW, 10 FDIV",,,,,,,,,,,
GaAs (RISC-V),gaas_riscv,2048,128,2436890624,0.0004353999993327,15.904800774,15.904800774,79953920,30.478688524590165,0.1532172995202586,1.311768579,201326592.0,6.996099073,1073741824.0,0.179306496,20971520.0,6.980370433,1073741824.0,0.437256193,67108864.0,,,,,,,,,,,,,,,,,,,,,,,,,,,,,,4901044230.0,15904800774.0,RISC-V RV32I subset (10 instructions),"1 ALU, 3 MUL, 4 LW, 10 FDIV",,,,,,,,,,,
GaAs (RISC-V),gaas_riscv,2048,256,5389680640,0.0004296000006434,35.103178758,35.103178758,93323264,57.752808988764045,0.1535382501156449,5.240782851,805306368.0,13.975420929,2147483648.0,0.179306496,20971520.0,13.960740865,2147483648.0,1.746927617,268435456.0,,,,,,,,,,,,,,,,,,,,,,,,,,,,,,10809245702.0,35103178758.0,RISC-V RV32I subset (10 instructions),"1 ALU, 3 MUL, 4 LW, 10 FDIV",,,,,,,,,,,
CdTe (Turing Machine),cdte_turing,128,64,8470528,1.85999961104244e-05,11.8915072,11.8915072,720896,11.75,0.0007123174428217,4.4040192,3145728.0,2.9360128,2097152.0,0.147456,81920.0,2.9360128,2097152.0,1.4680064,1048576.0,,,,,,,,,,,,,,,,,,,,,,,,10000000.0,,,,,,,,"4 ops: SKIP, CSKIP, INC, ADD",,118915072.0,11.8915072,integer only,repeated addition O(a*b),,,,,,,
CdTe (Turing Machine),cdte_turing,128,128,25247744,3.370000013092067e-05,35.379609599999995,35.379609599999995,1310720,19.2625,0.0007136241548578,17.6160768,12582912.0,5.8720256,4194304.0,0.147456,81920.0,5.8720256,4194304.0,5.8720256,4194304.0,,,,,,,,,,,,,,,,,,,,,,,,10000000.0,,,,,,,,"4 ops: SKIP, CSKIP, INC, ADD",,353796096.0,35.3796096,integer only,repeated addition O(a*b),,,,,,,
CdTe (Turing Machine),cdte_turing,128,256,83968000,1.5999996321625076e-05,117.587968,117.587968,2883584,29.119318181818183,0.0007140866657377,70.4643072,50331648.0,11.7440512,8388608.0,0.147456,81920.0,11.7440512,8388608.0,23.4881024,16777216.0,,,,,,,,,,,,,,,,,,,,,,,,10000000.0,,,,,,,,"4 ops: SKIP, CSKIP, INC, ADD",,1175879680.0,117.587968,integer only,repeated addition O(a*b),,,,,,,
CdTe (Turing Machine),cdte_turing,256,64,25493504,1.6499998309882358e-05,35.8219776,35.8219776,1900544,13.413793103448276,0.0007116721551408,8.8080384,6291456.0,11.7440512,8388608.0,0.589824,327680.0,11.7440512,8388608.0,2.9360128,2097152.0,,,,,,,,,,,,,,,,,,,,,,,,10000000.0,,,,,,,,"4 ops: SKIP, CSKIP, INC, ADD",,358219776.0,35.8219776,integer only,repeated addition O(a*b),,,,,,,
CdTe (Turing Machine),cdte_turing,256,128,67436544,1.579999843670521e-05,94.5422336,94.5422336,2883584,23.38636363636364,0.000713295438791,35.2321536,25165824.0,23.4881024,16777216.0,0.589824,327680.0,23.4881024,16777216.0,11.7440512,8388608.0,,,,,,,,,,,,,,,,,,,,,,,,10000000.0,,,,,,,,"4 ops: SKIP, CSKIP, INC, ADD",,945422336.0,94.5422336,integer only,repeated addition O(a*b),,,,,,,
CdTe (Turing Machine),cdte_turing,256,256,201654272,3.809999907389283e-05,282.4470528,282.4470528,5242880,38.4625,0.0007139542438164,140.9286144,100663296.0,46.9762048,33554432.0,0.589824,327680.0,46.9762048,33554432.0,46.9762048,33554432.0,,,,,,,,,,,,,,,,,,,,,,,,10000000.0,,,,,,,,"4 ops: SKIP, CSKIP, INC, ADD",,2824470528.0,282.4470528,integer only,repeated addition O(a*b),,,,,,,
CdTe (Turing Machine),cdte_turing,512,64,85196800,3.290000131528359e-05,119.799808,119.799808,5832704,14.606741573033707,0.0007111597374179,17.6160768,12582912.0,46.9762048,33554432.0,2.359296,1310720.0,46.9762048,33554432.0,5.8720256,4194304.0,,,,,,,,,,,,,,,,,,,,,,,,10000000.0,,,,,,,,"4 ops: SKIP, CSKIP, INC, ADD",,1197998080.0,119.799808,integer only,repeated addition O(a*b),,,,,,,
CdTe (Turing Machine),cdte_turing,512,128,202637312,1.6200001482502557e-05,284.2165248,284.2165248,7602176,26.655172413793103,0.0007129680870688,70.4643072,50331648.0,93.9524096,67108864.0,2.359296,1310720.0,93.9524096,67108864.0,23.4881024,16777216.0,,,,,,,,,,,,,,,,,,,,,,,,10000000.0,,,,,,,,"4 ops: SKIP, CSKIP, INC, ADD",,2842165248.0,284.2165248,integer only,repeated addition O(a*b),,,,,,,
CdTe (Turing Machine),cdte_turing,512,256,538181632,1.6599999071331695e-05,753.9785727999999,753.9785727999999,11534336,46.65909090909091,0.0007137890271886,281.8572288,201326592.0,187.9048192,134217728.0,2.359296,1310720.0,187.9048192,134217728.0,93.9524096,67108864.0,,,,,,,,,,,,,,,,,,,,,,,,10000000.0,,,,,,,,"4 ops: SKIP, CSKIP, INC, ADD",,7539785728.0,753.9785728,integer only,repeated addition O(a*b),,,,,,,
CdTe (Turing Machine),cdte_turing,1024,64,307232768,3.179999657731969e-05,432.2230272,432.2230272,19988480,15.37049180327869,0.0007108199902959,35.2321536,25165824.0,187.9048192,134217728.0,9.437184,5242880.0,187.9048192,134217728.0,11.7440512,8388608.0,,,,,,,,,,,,,,,,,,,,,,,,10000000.0,,,,,,,,"4 ops: SKIP, CSKIP, INC, ADD",,4322230272.0,432.2230272,integer only,repeated addition O(a*b),,,,,,,
CdTe (Turing Machine),cdte_turing,1024,128,676331520,4.059999992023222e-05,948.96128,948.96128,23330816,28.98876404494382,0.0007127071823204,140.9286144,100663296.0,375.8096384,268435456.0,9.437184,5242880.0,375.8096384,268435456.0,46.9762048,33554432.0,,,,,,,,,,,,,,,,,,,,,,,,10000000.0,,,,,,,,"4 ops: SKIP, CSKIP, INC, ADD",,9489612800.0,948.96128,integer only,repeated addition O(a*b),,,,,,,
CdTe (Turing Machine),cdte_turing,1024,256,1615855616,4.399999852466863e-05,2264.2950144,2264.2950144,30408704,53.13793103448276,0.0007136241548578,563.7144576,402653184.0,751.6192768,536870912.0,9.437184,5242880.0,751.6192768,536870912.0,187.9048192,134217728.0,,,,,,,,,,,,,,,,,,,,,,,,10000000.0,,,,,,,,"4 ops: SKIP, CSKIP, INC, ADD",,22642950144.0,2264.2950144,integer only,repeated addition O(a*b),,,,,,,
CdTe (Turing Machine),cdte_turing,2048,64,1161822208,1.9899996914318763e-05,1634.9396992,1634.9396992,73465856,15.814451382694024,0.0007106208311954,70.4643072,50331648.0,751.6192768,536870912.0,37.748736,20971520.0,751.6192768,536870912.0,23.4881024,16777216.0,,,,,,,,,,,,,,,,,,,,,,,,10000000.0,,,,,,,,"4 ops: SKIP, CSKIP, INC, ADD",,16349396992.0,1634.9396992,integer only,repeated addition O(a*b),,,,,,,
CdTe (Turing Machine),cdte_turing,2048,128,2436890624,3.7900001188972965e-05,3420.0354816,3420.0354816,79953920,30.478688524590165,0.0007125337257787,281.8572288,201326592.0,1503.2385536,1073741824.0,37.748736,20971520.0,1503.2385536,1073741824.0,93.9524096,67108864.0,,,,,,,,,,,,,,,,,,,,,,,,10000000.0,,,,,,,,"4 ops: SKIP, CSKIP, INC, ADD",,34200354816.0,3420.0354816,integer only,repeated addition O(a*b),,,,,,,
CdTe (Turing Machine),cdte_turing,2048,256,5389680640,3.880000076605938e-05,7553.941503999999,7553.941503999999,93323264,57.752808988764045,0.0007134925041643,1127.4289152,805306368.0,3006.4771072,2147483648.0,37.748736,20971520.0,3006.4771072,2147483648.0,375.8096384,268435456.0,,,,,,,,,,,,,,,,,,,,,,,,10000000.0,,,,,,,,"4 ops: SKIP, CSKIP, INC, ADD",,75539415040.0,7553.941504,integer only,repeated addition O(a*b),,,,,,,
Dataflow (Maxeler-style),dataflow,128,64,8470528,9.469999713473952e-05,3.7802e-05,3.7802e-05,720896,11.75,224.0761864451616,1.2448e-05,3145728.0,8.352e-06,2097152.0,8.33e-06,81920.0,4.416e-06,2097152.0,4.256e-06,1048576.0,,,,,,,,,,,,,,,,,,,,,,,,500000000.0,,,,,,,,,,,3.7802e-05,,,18901.0,4.0,"streaming pipeline, no instruction fetch",,,,
Dataflow (Maxeler-style),dataflow,128,128,25247744,4.549999903247226e-05,5.8762e-05,5.8762e-05,1310720,19.2625,429.6610734828631,2.4896e-05,12582912.0,8.512e-06,4194304.0,8.33e-06,81920.0,8.512e-06,4194304.0,8.512e-06,4194304.0,,,,,,,,,,,,,,,,,,,,,,,,500000000.0,,,,,,,,,,,5.8762e-05,,,29381.0,4.0,"streaming pipeline, no instruction fetch",,,,
Dataflow (Maxeler-style),dataflow,128,256,83968000,7.359999653999694e-05,0.000100682,0.000100682,2883584,29.119318181818183,833.9921733775651,4.9792e-05,50331648.0,8.832e-06,8388608.0,8.33e-06,81920.0,1.6704e-05,8388608.0,1.7024e-05,16777216.0,,,,,,,,,,,,,,,,,,,,,,,,500000000.0,,,,,,,,,,,0.000100682,,,50341.0,4.0,"streaming pipeline, no instruction fetch",,,,
Dataflow (Maxeler-style),dataflow,256,64,25493504,0.0001465999994252,0.000107882,0.000107882,1900544,13.413793103448276,236.30915259264748,2.4736e-05,6291456.0,3.2928e-05,8388608.0,3.3034e-05,327680.0,8.832e-06,8388608.0,8.352e-06,2097152.0,,,,,,,,,,,,,,,,,,,,,,,,500000000.0,,,,,,,,,,,0.000107882,,,53941.0,4.0,"streaming pipeline, no instruction fetch",,,,
Dataflow (Maxeler-style),dataflow,256,128,67436544,0.0001786000011634,0.000149322,0.000149322,2883584,23.38636363636364,451.6182746011974,4.9472e-05,25165824.0,3.3088e-05,16777216.0,3.3034e-05,327680.0,1.7024e-05,16777216.0,1.6704e-05,8388608.0,,,,,,,,,,,,,,,,,,,,,,,,500000000.0,,,,,,,,,,,0.000149322,,,74661.0,4.0,"streaming pipeline, no instruction fetch",,,,
Dataflow (Maxeler-style),dataflow,256,256,201654272,8.019999950192869e-05,0.000232202,0.000232202,5242880,38.4625,868.4433036752483,9.8944e-05,100663296.0,3.3408e-05,33554432.0,3.3034e-05,327680.0,3.3408e-05,33554432.0,3.3408e-05,33554432.0,,,,,,,,,,,,,,,,,,,,,,,,500000000.0,,,,,,,,,,,0.000232202,,,116101.0,4.0,"streaming pipeline, no instruction fetch",,,,
Dataflow (Maxeler-style),dataflow,512,64,85196800,5.720000081055332e-05,0.000346346,0.000346346,5832704,14.606741573033707,245.9875384730876,4.9312e-05,12582912.0,0.000131232,33554432.0,0.000131594,1310720.0,1.7664e-05,33554432.0,1.6544e-05,4194304.0,,,,,,,,,,,,,,,,,,,,,,,,500000000.0,,,,,,,,,,,0.000346346,,,173173.0,4.0,"streaming pipeline, no instruction fetch",,,,
Dataflow (Maxeler-style),dataflow,512,128,202637312,0.0001493999970989,0.000428746,0.000428746,7602176,26.655172413793103,472.6278775778666,9.8624e-05,50331648.0,0.000131392,67108864.0,0.000131594,1310720.0,3.4048e-05,67108864.0,3.3088e-05,16777216.0,,,,,,,,,,,,,,,,,,,,,,,,500000000.0,,,,,,,,,,,0.000428746,,,214373.0,4.0,"streaming pipeline, no instruction fetch",,,,
Dataflow (Maxeler-style),dataflow,512,256,538181632,9.899999713525176e-05,0.000593546,0.000593546,11534336,46.65909090909091,906.7227005152084,0.000197248,201326592.0,0.000131712,134217728.0,0.000131594,1310720.0,6.6816e-05,134217728.0,6.6176e-05,67108864.0,,,,,,,,,,,,,,,,,,,,,,,,500000000.0,,,,,,,,,,,0.000593546,,,296773.0,4.0,"streaming pipeline, no instruction fetch",,,,
Dataflow (Maxeler-style),dataflow,1024,64,307232768,0.0002090000016323,0.00121649,0.00121649,19988480,15.37049180327869,252.5567559125024,9.8464e-05,25165824.0,0.000524448,134217728.0,0.000525322,5242880.0,3.5328e-05,134217728.0,3.2928e-05,8388608.0,,,,,,,,,,,,,,,,,,,,,,,,500000000.0,,,,,,,,,,,0.00121649,,,608245.0,4.0,"streaming pipeline, no instruction fetch",,,,
Dataflow (Maxeler-style),dataflow,1024,128,676331520,0.0001226000022143,0.00138081,0.00138081,23330816,28.98876404494382,489.8078084602515,0.000196928,100663296.0,0.000524608,268435456.0,0.000525322,5242880.0,6.8096e-05,268435456.0,6.5856e-05,33554432.0,,,,,,,,,,,,,,,,,,,,,,,,500000000.0,,,,,,,,,,,0.00138081,,,690405.0,4.0,"streaming pipeline, no instruction fetch",,,,
Dataflow (Maxeler-style),dataflow,1024,256,1615855616,0.0001365000007353,0.00170945,0.00170945,30408704,53.13793103448276,945.2488320804936,0.000393856,402653184.0,0.000524928,536870912.0,0.000525322,5242880.0,0.000133632,536870912.0,0.000131712,134217728.0,,,,,,,,,,,,,,,,,,,,,,,,500000000.0,,,,,,,,,,,0.00170945,,,854725.0,4.0,"streaming pipeline, no instruction fetch",,,,
Dataflow (Maxeler-style),dataflow,2048,64,1161822208,0.0001798000012058,0.0045296419999999,0.0045296419999999,73465856,15.814451382694024,256.4931639189146,0.000196768,50331648.0,0.002097312,536870912.0,0.00209921,20971520.0,7.0656e-05,536870912.0,6.5696e-05,16777216.0,,,,,,,,,,,,,,,,,,,,,,,,500000000.0,,,,,,,,,,,0.004529642,,,2264821.0,4.0,"streaming pipeline, no instruction fetch",,,,
Dataflow (Maxeler-style),dataflow,2048,128,2436890624,0.0004007000006822,0.004857802,0.004857802,79953920,30.478688524590165,501.644699392853,0.000393536,201326592.0,0.002097472,1073741824.0,0.00209921,20971520.0,0.000136192,1073741824.0,0.000131392,67108864.0,,,,,,,,,,,,,,,,,,,,,,,,500000000.0,,,,,,,,,,,0.004857802,,,2428901.0,4.0,"streaming pipeline, no instruction fetch",,,,
Dataflow (Maxeler-style),dataflow,2048,256,5389680640,0.0002098999993904,0.005514122,0.005514122,93323264,57.752808988764045,977.4322439728392,0.000787072,805306368.0,0.002097792,2147483648.0,0.00209921,20971520.0,0.000267264,2147483648.0,0.000262784,268435456.0,,,,,,,,,,,,,,,,,,,,,,,,500000000.0,,,,,,,,,,,0.005514122,,,2757061.0,4.0,"streaming pipeline, no instruction fetch",,,,
TPU (Systolic Array),tpu_systolic,128,64,8470528,0.002052799998637,3.731428571428572e-06,3.731428571428572e-06,720896,11.75,2270.049617151608,1.3628571428571428e-06,3145728.0,4.5428571428571437e-07,2097152.0,9.142857142857144e-07,81920.0,5.457142857142857e-07,2097152.0,4.5428571428571437e-07,1048576.0,simulation,,,,,,,,,,,,,,,,,,,,,,128x128,700000000.0,,,,,,,,,,,3.731428571428572e-06,,,,,weight-stationary systolic array,2612.0,32768.0,128.0,
TPU (Systolic Array),tpu_systolic,128,128,25247744,0.0042573999999149,4.188571428571429e-06,4.188571428571429e-06,1310720,19.2625,6027.769713506139,1.637142857142857e-06,12582912.0,5.457142857142857e-07,4194304.0,9.142857142857144e-07,81920.0,5.457142857142857e-07,4194304.0,5.457142857142857e-07,4194304.0,simulation,,,,,,,,,,,,,,,,,,,,,,128x128,700000000.0,,,,,,,,,,,4.188571428571429e-06,,,,,weight-stationary systolic array,2932.0,32768.0,128.0,
TPU (Systolic Array),tpu_systolic,128,256,83968000,0.0147176000009494,8.562857142857143e-06,8.562857142857143e-06,2883584,29.119318181818183,9806.072739406072,4.371428571428571e-06,50331648.0,7.285714285714286e-07,8388608.0,9.142857142857144e-07,81920.0,1.0914285714285714e-06,8388608.0,1.4571428571428571e-06,16777216.0,simulation,,,,,,,,,,,,,,,,,,,,,,128x128,700000000.0,,,,,,,,,,,8.562857142857143e-06,,,,,weight-stationary systolic array,5994.0,32768.0,128.0,
TPU (Systolic Array),tpu_systolic,256,64,25493504,0.005682799999704,1.0565714285714284e-05,1.0565714285714284e-05,1900544,13.413793103448276,2412.8519199567336,2.7257142857142856e-06,6291456.0,1.817142857142857e-06,8388608.0,3.657142857142857e-06,327680.0,1.4571428571428571e-06,8388608.0,9.085714285714284e-07,2097152.0,simulation,,,,,,,,,,,,,,,,,,,,,,128x128,700000000.0,,,,,,,,,,,1.0565714285714284e-05,,,,,weight-stationary systolic array,7396.0,32768.0,128.0,
TPU (Systolic Array),tpu_systolic,256,128,67436544,0.0125125999966257,1.1662857142857143e-05,1.1662857142857143e-05,2883584,23.38636363636364,5782.1632533072025,3.274285714285714e-06,25165824.0,2.1828571428571428e-06,16777216.0,3.657142857142857e-06,327680.0,1.4571428571428571e-06,16777216.0,1.0914285714285714e-06,8388608.0,simulation,,,,,,,,,,,,,,,,,,,,,,128x128,700000000.0,,,,,,,,,,,1.1662857142857143e-05,,,,,weight-stationary systolic array,8164.0,32768.0,128.0,
TPU (Systolic Array),tpu_systolic,256,256,201654272,0.0404556999983469,2.114285714285714e-05,2.114285714285714e-05,5242880,38.4625,9537.702054054054,8.742857142857143e-06,100663296.0,2.9142857142857142e-06,33554432.0,3.657142857142857e-06,327680.0,2.9142857142857142e-06,33554432.0,2.9142857142857142e-06,33554432.0,simulation,,,,,,,,,,,,,,,,,,,,,,128x128,700000000.0,,,,,,,,,,,2.1142857142857144e-05,,,,,weight-stationary systolic array,14800.0,32768.0,128.0,
TPU (Systolic Array),tpu_systolic,512,64,85196800,0.0270375000000058,3.3542857142857144e-05,3.3542857142857144e-05,5832704,14.606741573033707,2539.93867120954,5.451428571428571e-06,12582912.0,7.268571428571428e-06,33554432.0,1.4628571428571427e-05,1310720.0,4.377142857142857e-06,33554432.0,1.817142857142857e-06,4194304.0,simulation,,,,,,,,,,,,,,,,,,,,,,128x128,700000000.0,,,,,,,,,,,3.3542857142857144e-05,,,,,weight-stationary systolic array,23480.0,32768.0,128.0,
TPU (Systolic Array),tpu_systolic,512,128,202637312,0.0427272999968408,3.646857142857143e-05,3.646857142857143e-05,7602176,26.655172413793103,5556.491632717017,6.548571428571428e-06,50331648.0,8.731428571428571e-06,67108864.0,1.4628571428571427e-05,1310720.0,4.377142857142857e-06,67108864.0,2.1828571428571428e-06,16777216.0,simulation,,,,,,,,,,,,,,,,,,,,,,128x128,700000000.0,,,,,,,,,,,3.646857142857143e-05,,,,,weight-stationary systolic array,25528.0,32768.0,128.0,
TPU (Systolic Array),tpu_systolic,512,256,538181632,0.1073164000008546,5.835428571428572e-05,5.835428571428572e-05,11534336,46.65909090909091,9222.65820603212,1.7485714285714285e-05,201326592.0,1.1657142857142855e-05,134217728.0,1.4628571428571427e-05,1310720.0,8.754285714285714e-06,134217728.0,5.8285714285714284e-06,67108864.0,simulation,,,,,,,,,,,,,,,,,,,,,,128x128,700000000.0,,,,,,,,,,,5.835428571428572e-05,,,,,weight-stationary systolic array,40848.0,32768.0,128.0,
TPU (Systolic Array),tpu_systolic,1024,64,307232768,0.1025071000003663,0.0001167314285714,0.0001167314285714,19988480,15.37049180327869,2631.962717838261,1.0902857142857142e-05,25165824.0,2.9074285714285716e-05,134217728.0,5.851428571428572e-05,5242880.0,1.4605714285714286e-05,134217728.0,3.634285714285714e-06,8388608.0,simulation,,,,,,,,,,,,,,,,,,,,,,128x128,700000000.0,,,,,,,,,,,0.0001167314285714,,,,,weight-stationary systolic array,81712.0,32768.0,128.0,
TPU (Systolic Array),tpu_systolic,1024,128,676331520,0.1520806000007724,0.0001255085714285,0.0001255085714285,23330816,28.98876404494382,5388.727736295757,1.3097142857142857e-05,100663296.0,3.4925714285714284e-05,268435456.0,5.851428571428572e-05,5242880.0,1.4605714285714286e-05,268435456.0,4.3657142857142855e-06,33554432.0,simulation,,,,,,,,,,,,,,,,,,,,,,128x128,700000000.0,,,,,,,,,,,0.0001255085714285,,,,,weight-stationary systolic array,87856.0,32768.0,128.0,
TPU (Systolic Array),tpu_systolic,1024,256,1615855616,0.2831974999990052,0.0001809828571428,0.0001809828571428,30408704,53.13793103448276,8928.224703207881,3.497142857142857e-05,402653184.0,4.662857142857143e-05,536870912.0,5.851428571428572e-05,5242880.0,2.921142857142857e-05,536870912.0,1.1657142857142855e-05,134217728.0,simulation,,,,,,,,,,,,,,,,,,,,,,128x128,700000000.0,,,,,,,,,,,0.0001809828571428,,,,,weight-stationary systolic array,126688.0,32768.0,128.0,
TPU (Systolic Array),tpu_systolic,2048,64,1161822208,0.5013249999992695,0.0004320457142857,0.0004320457142857,73465856,15.814451382694024,2689.11869643424,2.1805714285714285e-05,50331648.0,0.0001162971428571,536870912.0,0.0002340571428571,20971520.0,5.261714285714286e-05,536870912.0,7.268571428571428e-06,16777216.0,simulation,,,,,,,,,,,,,,,,,,,,,,128x128,700000000.0,,,,,,,,,,,0.0004320457142857,,,,,weight-stationary systolic array,302432.0,32768.0,128.0,
TPU (Systolic Array),tpu_systolic,2048,128,2436890624,1.0725349000003916,0.0004613028571428,0.0004613028571428,79953920,30.478688524590165,5282.62634030324,2.6194285714285717e-05,201326592.0,0.0001397028571428,1073741824.0,0.0002340571428571,20971520.0,5.261714285714286e-05,1073741824.0,8.731428571428571e-06,67108864.0,simulation,,,,,,,,,,,,,,,,,,,,,,128x128,700000000.0,,,,,,,,,,,0.0004613028571428,,,,,weight-stationary systolic array,322912.0,32768.0,128.0,
TPU (Systolic Array),tpu_systolic,2048,256,5389680640,1.2230350999998336,0.0006190628571428,0.0006190628571428,93323264,57.752808988764045,8706.192881405997,6.994285714285714e-05,805306368.0,0.0001865142857142,2147483648.0,0.0002340571428571,20971520.0,0.0001052342857142,2147483648.0,2.3314285714285717e-05,268435456.0,simulation,,,,,,,,,,,,,,,,,,,,,,128x128,700000000.0,,,,,,,,,,,0.0006190628571428,,,,,weight-stationary systolic array,433344.0,32768.0,128.0,
Optical (Photonic MZI),optical,128,64,8470528,4.800000169780105e-06,4.23424e-05,4.23424e-05,720896,11.75,200.0483675937122,3.84e-08,3145728.0,2.56e-08,2097152.0,4.224e-05,81920.0,2.56e-08,2097152.0,1.28e-08,1048576.0,,,,,,,,,,,,,,,,,,,,,,,,,,,,,,,,,,,4.23424e-05,,,,,"photonic MZI mesh, OEO for nonlinearities",,,,
Optical (Photonic MZI),optical,128,128,25247744,4.400002580950968e-06,4.2547200000000005e-05,4.2547200000000005e-05,1310720,19.2625,593.4055354993982,1.536e-07,12582912.0,5.12e-08,4194304.0,4.224e-05,81920.0,5.12e-08,4194304.0,5.12e-08,4194304.0,,,,,,,,,,,,,,,,,,,,,,,,,,,,,,,,,,,4.25472e-05,,,,,"photonic MZI mesh, OEO for nonlinearities",,,,
Optical (Photonic MZI),optical,128,256,83968000,4.699997589341365e-06,4.326400000000001e-05,4.326400000000001e-05,2883584,29.119318181818183,1940.828402366864,6.144e-07,50331648.0,1.024e-07,8388608.0,4.224e-05,81920.0,1.024e-07,8388608.0,2.048e-07,16777216.0,,,,,,,,,,,,,,,,,,,,,,,,,,,,,,,,,,,4.326400000000001e-05,,,,,"photonic MZI mesh, OEO for nonlinearities",,,,
Optical (Photonic MZI),optical,256,64,25493504,4.399998942972161e-06,0.0001667072,0.0001667072,1900544,13.413793103448276,152.92383292383292,7.68e-08,6291456.0,1.024e-07,8388608.0,0.0001664,327680.0,1.024e-07,8388608.0,2.56e-08,2097152.0,,,,,,,,,,,,,,,,,,,,,,,,,,,,,,,,,,,0.0001667072,,,,,"photonic MZI mesh, OEO for nonlinearities",,,,
Optical (Photonic MZI),optical,256,128,67436544,4.499999704421498e-06,0.0001672192,0.0001672192,2883584,23.38636363636364,403.2823025107164,3.072e-07,25165824.0,2.048e-07,16777216.0,0.0001664,327680.0,2.048e-07,16777216.0,1.024e-07,8388608.0,,,,,,,,,,,,,,,,,,,,,,,,,,,,,,,,,,,0.0001672192,,,,,"photonic MZI mesh, OEO for nonlinearities",,,,
Optical (Photonic MZI),optical,256,256,201654272,4.299998181522824e-06,0.0001688576,0.0001688576,5242880,38.4625,1194.2268041237114,1.2288e-06,100663296.0,4.096e-07,33554432.0,0.0001664,327680.0,4.096e-07,33554432.0,4.096e-07,33554432.0,,,,,,,,,,,,,,,,,,,,,,,,,,,,,,,,,,,0.0001688576,,,,,"photonic MZI mesh, OEO for nonlinearities",,,,
Optical (Photonic MZI),optical,512,64,85196800,4.499997885432094e-06,0.0006615039999999,0.0006615039999999,5832704,14.606741573033707,128.79256965944273,1.536e-07,12582912.0,4.096e-07,33554432.0,0.00066048,1310720.0,4.096e-07,33554432.0,5.12e-08,4194304.0,,,,,,,,,,,,,,,,,,,,,,,,,,,,,,,,,,,0.000661504,,,,,"photonic MZI mesh, OEO for nonlinearities",,,,
Optical (Photonic MZI),optical,512,128,202637312,4.499999704421498e-06,0.0006629375999999,0.0006629375999999,7602176,26.655172413793103,305.66573988260734,6.144e-07,50331648.0,8.192e-07,67108864.0,0.00066048,1310720.0,8.192e-07,67108864.0,2.048e-07,16777216.0,,,,,,,,,,,,,,,,,,,,,,,,,,,,,,,,,,,0.0006629375999999,,,,,"photonic MZI mesh, OEO for nonlinearities",,,,
Optical (Photonic MZI),optical,512,256,538181632,7.499998901039362e-06,0.0006670335999999,0.0006670335999999,11534336,46.65909090909091,806.8283696653363,2.4576e-06,201326592.0,1.6384e-06,134217728.0,0.00066048,1310720.0,1.6384e-06,134217728.0,8.192e-07,67108864.0,,,,,,,,,,,,,,,,,,,,,,,,,,,,,,,,,,,0.0006670335999999,,,,,"photonic MZI mesh, OEO for nonlinearities",,,,
Optical (Photonic MZI),optical,1024,64,307232768,1.049999991664663e-05,0.0026353664,0.0026353664,19988480,15.37049180327869,116.5806652160398,3.072e-07,25165824.0,1.6384e-06,134217728.0,0.00263168,5242880.0,1.6384e-06,134217728.0,1.024e-07,8388608.0,,,,,,,,,,,,,,,,,,,,,,,,,,,,,,,,,,,0.0026353664,,,,,"photonic MZI mesh, OEO for nonlinearities",,,,
Optical (Photonic MZI),optical,1024,128,676331520,4.499999704421498e-06,0.002639872,0.002639872,23330816,28.98876404494382,256.19860356865786,1.2288e-06,100663296.0,3.2768e-06,268435456.0,0.00263168,5242880.0,3.2768e-06,268435456.0,4.096e-07,33554432.0,,,,,,,,,,,,,,,,,,,,,,,,,,,,,,,,,,,0.0026398719999999,,,,,"photonic MZI mesh, OEO for nonlinearities",,,,
Optical (Photonic MZI),optical,1024,256,1615855616,4.599996827892028e-06,0.0026513408,0.0026513408,30408704,53.13793103448276,609.4484782944538,4.9152e-06,402653184.0,6.5536e-06,536870912.0,0.00263168,5242880.0,6.5536e-06,536870912.0,1.6384e-06,134217728.0,,,,,,,,,,,,,,,,,,,,,,,,,,,,,,,,,,,0.0026513408,,,,,"photonic MZI mesh, OEO for nonlinearities",,,,
Optical (Photonic MZI),optical,2048,64,1161822208,4.799998350790702e-06,0.0105201664,0.0105201664,73465856,15.814451382694024,110.43762653792244,6.144e-07,50331648.0,6.5536e-06,536870912.0,0.01050624,20971520.0,6.5536e-06,536870912.0,2.048e-07,16777216.0,,,,,,,,,,,,,,,,,,,,,,,,,,,,,,,,,,,0.0105201664,,,,,"photonic MZI mesh, OEO for nonlinearities",,,,
Optical (Photonic MZI),optical,2048,128,2436890624,6.000002031214535e-06,0.0105357312,0.0105357312,79953920,30.478688524590165,231.29772179457277,2.4576e-06,201326592.0,1.31072e-05,1073741824.0,0.01050624,20971520.0,1.31072e-05,1073741824.0,8.192e-07,67108864.0,,,,,,,,,,,,,,,,,,,,,,,,,,,,,,,,,,,0.0105357311999999,,,,,"photonic MZI mesh, OEO for nonlinearities",,,,
Optical (Photonic MZI),optical,2048,256,5389680640,4.500001523410901e-06,0.010571776,0.010571776,93323264,57.752808988764045,509.8179000387447,9.8304e-06,805306368.0,2.62144e-05,2147483648.0,0.01050624,20971520.0,2.62144e-05,2147483648.0,3.2768e-06,268435456.0,,,,,,,,,,,,,,,,,,,,,,,,,,,,,,,,,,,0.010571776,,,,,"photonic MZI mesh, OEO for nonlinearities",,,,
Chemical (Reaction-Diffusion),chemical,32,16,136192,5.29999852005858e-06,0.597,0.597,45056,3.022727272727273,0.0002281273031825,0.102,49152.0,0.068,32768.0,0.327,5120.0,0.066,32768.0,0.034,16384.0,,,,,,,,,,,,,,,,,,,,,,,,,,,,,,,,,,,0.597,,,,,"parallel reaction wells, sequential stages",,,,
Biological (DNA Strand Displacement),biological,32,16,136192,6.600001142942347e-06,11400.0,11400.0,45056,3.022727272727273,1.1946666666666668e-08,660.0,49152.0,220.0,32768.0,9920.0,5120.0,380.0,32768.0,220.0,16384.0,,,,,,,,,,,,,,,,,,,,,,,,,,,,,,,,,,,11400.0,,,,,"cascade arithmetic, parallel in solution",,,,
Quantum (Gate-based),quantum,32,16,136192,8.800001523923129e-06,0.2113169066666666,0.2113169066666666,45056,3.022727272727273,0.0006444917358876,0.0769344,49152.0,0.0511999999999999,32768.0,0.0067601066666666,5120.0,0.0507776,32768.0,0.0256448,16384.0,,,,,,,,,,,,,,,,,,,,,,,,,,,,,,,,,,,0.2113169066666666,,,,,gate-based quantum arithmetic with classical softmax,,,,
WSN (Wireless Sensor Network),wsn,128,64,8470528,8.799997885944322e-06,4.165928,4.165928,720896,11.75,0.0020332871811514,1.81872,3145728.0,0.60624,2097152.0,0.039896,81920.0,1.094832,2097152.0,0.60624,1048576.0,,,,,,,,,,,,,,,,,,,,,,,,,,,,,,,,,,,4.165928,,,,,"distributed tiling, wireless aggregation",,,,
WSN (Wireless Sensor Network),wsn,128,128,25247744,8.500001058564521e-06,6.608888,6.608888,1310720,19.2625,0.003820271125793,3.284496,12582912.0,1.094832,4194304.0,0.039896,81920.0,1.094832,4194304.0,1.094832,4194304.0,,,,,,,,,,,,,,,,,,,,,,,,,,,,,,,,,,,6.608888,,,,,"distributed tiling, wireless aggregation",,,,
WSN (Wireless Sensor Network),wsn,128,256,83968000,8.400000297115184e-06,11.494808,11.494808,2883584,29.119318181818183,0.0073048632043266,6.216048000000001,50331648.0,2.072016,8388608.0,0.039896,81920.0,1.094832,8388608.0,2.072016,16777216.0,,,,,,,,,,,,,,,,,,,,,,,,,,,,,,,,,,,11.494808,,,,,"distributed tiling, wireless aggregation",,,,
WSN (Wireless Sensor Network),wsn,256,64,25493504,8.700000762473792e-06,5.750312,5.750312,1900544,13.413793103448276,0.0044334123087582,1.81872,6291456.0,1.21248,8388608.0,0.040856,327680.0,2.072016,8388608.0,0.60624,2097152.0,,,,,,,,,,,,,,,,,,,,,,,,,,,,,,,,,,,5.750311999999999,,,,,"distributed tiling, wireless aggregation",,,,
WSN (Wireless Sensor Network),wsn,256,128,67436544,8.499999239575118e-06,8.681864000000001,8.681864000000001,2883584,23.38636363636364,0.0077675190489047,3.284496,25165824.0,2.189664,16777216.0,0.040856,327680.0,2.072016,16777216.0,1.094832,8388608.0,,,,,,,,,,,,,,,,,,,,,,,,,,,,,,,,,,,8.681864,,,,,"distributed tiling, wireless aggregation",,,,
WSN (Wireless Sensor Network),wsn,256,256,201654272,8.600000001024455e-06,24.905048,24.905048,5242880,38.4625,0.0080969236437528,12.432096,100663296.0,4.144032,33554432.0,0.040856,327680.0,4.144032,33554432.0,4.144032,33554432.0,,,,,,,,,,,,,,,,,,,,,,,,,,,,,,,,,,,24.905048,,,,,"distributed tiling, wireless aggregation",,,,
WSN (Wireless Sensor Network),wsn,512,64,85196800,8.799997885944322e-06,10.13348,10.13348,5832704,14.606741573033707,0.008407457260487,1.81872,12582912.0,3.63744,33554432.0,0.044696,1310720.0,4.026384,33554432.0,0.60624,4194304.0,,,,,,,,,,,,,,,,,,,,,,,,,,,,,,,,,,,10.13348,,,,,"distributed tiling, wireless aggregation",,,,
WSN (Wireless Sensor Network),wsn,512,128,202637312,8.500001058564521e-06,23.425112,23.425112,7602176,26.655172413793103,0.0086504308709388,6.568992,50331648.0,6.568992,67108864.0,0.044696,1310720.0,8.052768,67108864.0,2.189664,16777216.0,,,,,,,,,,,,,,,,,,,,,,,,,,,,,,,,,,,23.425112,,,,,"distributed tiling, wireless aggregation",,,,
WSN (Wireless Sensor Network),wsn,512,256,538181632,8.999997589853592e-06,49.42013600000001,49.42013600000001,11534336,46.65909090909091,0.0108899261628903,18.648144,201326592.0,12.432096,134217728.0,0.044696,1310720.0,12.079152,134217728.0,6.216048000000001,67108864.0,,,,,,,,,,,,,,,,,,,,,,,,,,,,,,,,,,,49.420136,,,,,"distributed tiling, wireless aggregation",,,,
WSN (Wireless Sensor Network),wsn,1024,64,307232768,1.4599998394260185e-05,33.511256,33.511256,19988480,15.37049180327869,0.0091680469392134,3.63744,25165824.0,12.73104,134217728.0,0.060056,5242880.0,15.87024,134217728.0,1.21248,8388608.0,,,,,,,,,,,,,,,,,,,,,,,,,,,,,,,,,,,33.511256,,,,,"distributed tiling, wireless aggregation",,,,
WSN (Wireless Sensor Network),wsn,1024,128,676331520,8.19999877421651e-06,59.994872,59.994872,23330816,28.98876404494382,0.0112731554790216,9.853488,100663296.0,22.991472,268435456.0,0.060056,5242880.0,23.80536,268435456.0,3.284496,33554432.0,,,,,,,,,,,,,,,,,,,,,,,,,,,,,,,,,,,59.994872,,,,,"distributed tiling, wireless aggregation",,,,
WSN (Wireless Sensor Network),wsn,1024,256,1615855616,2.28000008064555e-05,140.911496,140.911496,30408704,53.13793103448276,0.0114671667100887,37.296288,402653184.0,43.512336000000005,536870912.0,0.060056,5242880.0,47.61072,536870912.0,12.432096,134217728.0,,,,,,,,,,,,,,,,,,,,,,,,,,,,,,,,,,,140.911496,,,,,"distributed tiling, wireless aggregation",,,,
WSN (Wireless Sensor Network),wsn,2048,64,1161822208,8.400000297115184e-06,120.724664,120.724664,73465856,15.814451382694024,0.0096237352791472,7.27488,50331648.0,47.89296,536870912.0,0.121496,20971520.0,63.01036800000001,536870912.0,2.42496,16777216.0,,,,,,,,,,,,,,,,,,,,,,,,,,,,,,,,,,,120.724664,,,,,"distributed tiling, wireless aggregation",,,,
WSN (Wireless Sensor Network),wsn,2048,128,2436890624,2.13999992411118e-05,207.404744,207.404744,79953920,30.478688524590165,0.0117494449596582,19.706976,201326592.0,86.49172800000001,1073741824.0,0.121496,20971520.0,94.515552,1073741824.0,6.568992,67108864.0,,,,,,,,,,,,,,,,,,,,,,,,,,,,,,,,,,,207.404744,,,,,"distributed tiling, wireless aggregation",,,,
WSN (Wireless Sensor Network),wsn,2048,256,5389680640,8.900000466383062e-06,404.21732,404.21732,93323264,57.752808988764045,0.0133336212312723,62.16048,805306368.0,163.689264,2147483648.0,0.121496,20971520.0,157.52592,2147483648.0,20.72016,268435456.0,,,,,,,,,,,,,,,,,,,,,,,,,,,,,,,,,,,404.21732,,,,,"distributed tiling, wireless aggregation",,,,
IoT Edge (ARM Cortex-M4F),iot_edge,128,64,8470528,3.4000004234258085e-06,0.0785539047619047,0.0785539047619047,720896,11.75,0.107830769529204,0.0285257142857142,3145728.0,0.0190171428571428,2097152.0,0.002631619047619,81920.0,0.0188708571428571,2097152.0,0.0095085714285714,1048576.0,,,,,,,,,,,,,,,,,,,,,,,,168000000.0,,,,,,,13197056.0,,,,0.0785539047619047,,,,,single-core sequential with DSP,,,,
IoT Edge (ARM Cortex-M4F),iot_edge,128,128,25247744,3.399998604436405e-06,0.2290819047619047,0.2290819047619047,1310720,19.2625,0.1102127382179798,0.1132251428571428,12582912.0,0.0377417142857142,4194304.0,0.002631619047619,81920.0,0.0377417142857142,4194304.0,0.0377417142857142,4194304.0,,,,,,,,,,,,,,,,,,,,,,,,168000000.0,,,,,,,38485760.0,,,,0.2290819047619047,,,,,single-core sequential with DSP,,,,
IoT Edge (ARM Cortex-M4F),iot_edge,128,256,83968000,6.000003850203939e-06,0.7637927619047619,0.7637927619047619,2883584,29.119318181818183,0.1099355796336677,0.4565211428571428,50331648.0,0.0760868571428571,8388608.0,0.002631619047619,81920.0,0.0763794285714285,8388608.0,0.1521737142857142,16777216.0,,,,,,,,,,,,,,,,,,,,,,,,168000000.0,,,,,,,128317184.0,,,,0.7637927619047619,,,,,single-core sequential with DSP,,,,
IoT Edge (ARM Cortex-M4F),iot_edge,256,64,25493504,5.300000339047983e-06,0.2405455238095238,0.2405455238095238,1900544,13.413793103448276,0.1059820344866905,0.0570514285714285,6291456.0,0.0769645714285714,8388608.0,0.0105295238095238,327680.0,0.0769828571428571,8388608.0,0.0190171428571428,2097152.0,,,,,,,,,,,,,,,,,,,,,,,,168000000.0,,,,,,,40411648.0,,,,0.2405455238095238,,,,,single-core sequential with DSP,,,,
IoT Edge (ARM Cortex-M4F),iot_edge,256,128,67436544,5.999998393235728e-06,0.6209798095238095,0.6209798095238095,2883584,23.38636363636364,0.1085969993963456,0.2291382857142857,25165824.0,0.1527588571428571,16777216.0,0.0105295238095238,327680.0,0.1521737142857142,16777216.0,0.0763794285714285,8388608.0,,,,,,,,,,,,,,,,,,,,,,,,168000000.0,,,,,,,104324608.0,,,,0.6209798095238095,,,,,single-core sequential with DSP,,,,
IoT Edge (ARM Cortex-M4F),iot_edge,256,256,201654272,6.499998562503606e-06,1.8366140952380952,1.8366140952380952,5242880,38.4625,0.1097967572626398,0.9130422857142856,100663296.0,0.3043474285714285,33554432.0,0.0105295238095238,327680.0,0.3043474285714285,33554432.0,0.3043474285714285,33554432.0,,,,,,,,,,,,,,,,,,,,,,,,168000000.0,,,,,,,308551168.0,,,,1.8366140952380952,,,,,single-core sequential with DSP,,,,
IoT Edge (ARM Cortex-M4F),iot_edge,512,64,85196800,6.499998562503606e-06,0.8130499047619048,0.8130499047619048,5832704,14.606741573033707,0.1047866797610033,0.1167908571428571,12582912.0,0.3078582857142857,33554432.0,0.0421241904761904,1310720.0,0.3073462857142857,33554432.0,0.0389302857142857,4194304.0,,,,,,,,,,,,,,,,,,,,,,,,168000000.0,,,,,,,136592384.0,,,,0.8130499047619048,,,,,single-core sequential with DSP,,,,
IoT Edge (ARM Cortex-M4F),iot_edge,512,128,202637312,1.5100000382517464e-05,1.871719619047619,1.871719619047619,7602176,26.655172413793103,0.1082626425121874,0.4582765714285714,50331648.0,0.6110354285714286,67108864.0,0.0421241904761904,1310720.0,0.6075245714285714,67108864.0,0.1527588571428571,16777216.0,,,,,,,,,,,,,,,,,,,,,,,,168000000.0,,,,,,,314448896.0,,,,1.871719619047619,,,,,single-core sequential with DSP,,,,
IoT Edge (ARM Cortex-M4F),iot_edge,512,256,538181632,6.199999916134402e-06,4.909342476190476,4.909342476190476,11534336,46.65909090909091,0.1096239740067218,1.8260845714285716,201326592.0,1.2173897142857142,134217728.0,0.0421241904761904,1310720.0,1.2150491428571428,134217728.0,0.6086948571428571,67108864.0,,,,,,,,,,,,,,,,,,,,,,,,168000000.0,,,,,,,824769536.0,,,,4.909342476190476,,,,,single-core sequential with DSP,,,,
IoT Edge (ARM Cortex-M4F),iot_edge,1024,64,307232768,6.099999154685065e-06,2.931759238095238,2.931759238095238,19988480,15.37049180327869,0.1047946789108129,0.2329097142857142,25165824.0,1.2280731428571428,134217728.0,0.1685089523809523,5242880.0,1.2246308571428572,134217728.0,0.0776365714285714,8388608.0,,,,,,,,,,,,,,,,,,,,,,,,168000000.0,,,,,,,492535552.0,,,,2.931759238095238,,,,,single-core sequential with DSP,,,,
IoT Edge (ARM Cortex-M4F),iot_edge,1024,128,676331520,6.600001142942347e-06,6.250383238095238,6.250383238095238,23330816,28.98876404494382,0.1082064081891572,0.9152091428571428,100663296.0,2.437421714285714,268435456.0,0.1685089523809523,5242880.0,2.4241737142857143,268435456.0,0.3050697142857143,33554432.0,,,,,,,,,,,,,,,,,,,,,,,,168000000.0,,,,,,,1050064384.0,,,,6.250383238095238,,,,,single-core sequential with DSP,,,,
IoT Edge (ARM Cortex-M4F),iot_edge,1024,256,1615855616,6.300000677583739e-06,14.735366095238096,14.735366095238096,30408704,53.13793103448276,0.1096583285109002,3.646793142857143,402653184.0,4.8561188571428575,536870912.0,0.1685089523809523,5242880.0,4.8483474285714285,536870912.0,1.2155977142857144,134217728.0,,,,,,,,,,,,,,,,,,,,,,,,168000000.0,,,,,,,2475541504.0,,,,14.735366095238096,,,,,single-core sequential with DSP,,,,
IoT Edge (ARM Cortex-M4F),iot_edge,2048,64,1161822208,6.299997039604932e-06,11.10362819047619,11.10362819047619,73465856,15.814451382694024,0.1046344661465266,0.4658194285714285,50331648.0,4.912292571428571,536870912.0,0.6740601904761905,20971520.0,4.896182857142857,536870912.0,0.1552731428571428,16777216.0,,,,,,,,,,,,,,,,,,,,,,,,168000000.0,,,,,,,1865409536.0,,,,11.10362819047619,,,,,single-core sequential with DSP,,,,
IoT Edge (ARM Cortex-M4F),iot_edge,2048,128,2436890624,6.199998097144999e-06,22.55631847619048,22.55631847619048,79953920,30.478688524590165,0.1080358315818373,1.8304182857142857,201326592.0,9.749686857142857,1073741824.0,0.6740601904761905,20971520.0,9.692013714285714,1073741824.0,0.6101394285714286,67108864.0,,,,,,,,,,,,,,,,,,,,,,,,168000000.0,,,,,,,3789461504.0,,,,22.55631847619048,,,,,single-core sequential with DSP,,,,
IoT Edge (ARM Cortex-M4F),iot_edge,2048,256,5389680640,6.50000038149301e-06,49.20734476190477,49.20734476190477,93323264,57.752808988764045,0.1095300034187695,7.293586285714285,805306368.0,19.42447542857143,2147483648.0,0.6740601904761905,20971520.0,19.38402742857143,2147483648.0,2.431195428571429,268435456.0,,,,,,,,,,,,,,,,,,,,,,,,168000000.0,,,,,,,8266833920.0,,,,49.20734476190477,,,,,single-core sequential with DSP,,,,
