paradigm,paradigm_short,seq_len,embed_dim,total_flops,total_wall_time_s,total_effective_time_s,total_estimated_hw_time_s,total_memory_bytes,arithmetic_intensity,throughput_gflops,time_qkv_projection,flops_qkv_projection,time_qk_matmul,flops_qk_matmul,time_softmax,flops_softmax,time_av_matmul,flops_av_matmul,time_output_projection,flops_output_projection,info_execution_mode,info_cpu_model,info_peak_tflops_fp32,info_memory_bw_gb_s,info_cpu_count,info_numpy_version,time_fused_attention,flops_fused_attention,info_backend,info_num_heads,info_torch_version,info_gpu_name,info_memory_allocated_mb,info_flash_sdp_enabled,info_mem_efficient_sdp_enabled,info_tpu_device,info_matmul_precision,info_timing_method,info_array_size,info_clock_hz,info_decomposed_total_time_s,info_simulation_time_s,info_num_timing_iterations,info_framework,info_gpu_model,info_total_instructions,info_total_estimated_cycles,info_isa,info_cycle_model,info_total_tm_operations,info_estimated_hw_time_s,info_arithmetic,info_multiply_method,info_total_effective_cycles,info_parallel_pipes,info_execution_model,info_total_systolic_cycles,info_peak_ops_per_cycle,info_vector_width,info_note
CPU (Control Flow),cpu,128,64,8470528,0.0008055560000457,0.0008055560000457,1.9398656e-05,720896,11.75,10.515132404847312,0.0001462840000385,3145728.0,0.0001206979999324,2097152.0,0.0004104180000013,81920.0,8.210500004679488e-05,2097152.0,4.605100002663676e-05,1048576.0,real_cpu,Intel i7 AVX2 (estimated),0.5,50.0,2.0,2.0.2,,,,,,,,,,,,,,,,,,,,,,,,,,,,,,,,,,
CPU (Control Flow),cpu,128,128,25247744,0.0014734060000591,0.0014734060000591,5.2953088e-05,1310720,19.2625,17.135632676252047,0.0005276159999993,12582912.0,0.0001947980000522,4194304.0,0.0004182469999705,81920.0,0.0001766830000633,4194304.0,0.0001560619999736,4194304.0,real_cpu,Intel i7 AVX2 (estimated),0.5,50.0,2.0,2.0.2,,,,,,,,,,,,,,,,,,,,,,,,,,,,,,,,,,
CPU (Control Flow),cpu,128,256,83968000,0.0035509670000237,0.0035509670000237,0.0001703936,2883584,29.119318181818183,23.64651656842708,0.0018464260000428,50331648.0,0.0003569909999896,8388608.0,0.0004220949999762,81920.0,0.0003269219999992,8388608.0,0.0005985330000157,16777216.0,real_cpu,Intel i7 AVX2 (estimated),0.5,50.0,2.0,2.0.2,,,,,,,,,,,,,,,,,,,,,,,,,,,,,,,,,,
CPU (Control Flow),cpu,256,64,25493504,0.0027429089999486,0.0027429089999486,6.0817408e-05,1900544,13.413793103448276,9.294330945896164,0.0003074869999863,6291456.0,0.0004037350000771,8388608.0,0.0015492820000417,327680.0,0.0003755209999098,8388608.0,0.0001068839999334,2097152.0,real_cpu,Intel i7 AVX2 (estimated),0.5,50.0,2.0,2.0.2,,,,,,,,,,,,,,,,,,,,,,,,,,,,,,,,,,
CPU (Control Flow),cpu,256,128,67436544,0.0040743179998798,0.0040743179998798,0.000144703488,2883584,23.38636363636364,16.551615264686735,0.0009270890000152,25165824.0,0.0006468199999289,16777216.0,0.0015677659999937,327680.0,0.0006086729999879,16777216.0,0.0003239699999539,8388608.0,real_cpu,Intel i7 AVX2 (estimated),0.5,50.0,2.0,2.0.2,,,,,,,,,,,,,,,,,,,,,,,,,,,,,,,,,,
CPU (Control Flow),cpu,256,256,201654272,0.0101893519998839,0.0101893519998839,0.000413138944,5242880,38.4625,19.790686591482704,0.0038867170000003,100663296.0,0.0014100049999115,33554432.0,0.0021185809999906,327680.0,0.0014642739999999,33554432.0,0.0013097749999815,33554432.0,real_cpu,Intel i7 AVX2 (estimated),0.5,50.0,2.0,2.0.2,,,,,,,,,,,,,,,,,,,,,,,,,,,,,,,,,,
CPU (Control Flow),cpu,512,64,85196800,0.0136379210000541,0.0136379210000541,0.0002097152,5832704,14.606741573033707,6.247051878337021,0.0008822390000204,12582912.0,0.0023986429999922,33554432.0,0.0085373539999409,1310720.0,0.0014738940000142,33554432.0,0.0003457910000861,4194304.0,real_cpu,Intel i7 AVX2 (estimated),0.5,50.0,2.0,2.0.2,,,,,,,,,,,,,,,,,,,,,,,,,,,,,,,,,,
CPU (Control Flow),cpu,512,128,202637312,0.0181714379999675,0.0181714379999675,0.000444596224,7602176,26.655172413793103,11.151418616422191,0.0025195609999855,50331648.0,0.003367699000023,67108864.0,0.0087345809999987,1310720.0,0.0025202939999644,67108864.0,0.0010293029999957,16777216.0,real_cpu,Intel i7 AVX2 (estimated),0.5,50.0,2.0,2.0.2,,,,,,,,,,,,,,,,,,,,,,,,,,,,,,,,,,
CPU (Control Flow),cpu,512,256,538181632,0.0292939190001106,0.0292939190001106,0.001115684864,11534336,46.65909090909091,18.37178671784975,0.0079389369999489,201326592.0,0.0053686319999997,134217728.0,0.0086989700000685,1310720.0,0.0046513900000491,134217728.0,0.0026359900000443,67108864.0,real_cpu,Intel i7 AVX2 (estimated),0.5,50.0,2.0,2.0.2,,,,,,,,,,,,,,,,,,,,,,,,,,,,,,,,,,
CPU (Control Flow),cpu,1024,64,307232768,0.0734784840000202,0.0734784840000202,0.0007717519359999,19988480,15.37049180327869,4.18126166021492,0.0030169579999892,25165824.0,0.0121651910000082,134217728.0,0.0364207860000078,5242880.0,0.0169219480000037,134217728.0,0.004953601000011,8388608.0,real_cpu,Intel i7 AVX2 (estimated),0.5,50.0,2.0,2.0.2,,,,,,,,,,,,,,,,,,,,,,,,,,,,,,,,,,
CPU (Control Flow),cpu,1024,128,676331520,0.1306114739999202,0.1306114739999202,0.00150994944,23330816,28.98876404494382,5.178193762673661,0.0227370750000091,100663296.0,0.0211189020000119,268435456.0,0.0596643330000006,5242880.0,0.0191252429999622,268435456.0,0.0079659209999363,33554432.0,real_cpu,Intel i7 AVX2 (estimated),0.5,50.0,2.0,2.0.2,,,,,,,,,,,,,,,,,,,,,,,,,,,,,,,,,,
CPU (Control Flow),cpu,1024,256,1615855616,0.1406674399999019,0.1406674399999019,0.003388997632,30408704,53.13793103448276,11.487062080614578,0.0276937249999491,402653184.0,0.0352821159999621,536870912.0,0.0298672010000018,5242880.0,0.0358482379999713,536870912.0,0.0119761600000174,134217728.0,real_cpu,Intel i7 AVX2 (estimated),0.5,50.0,2.0,2.0.2,,,,,,,,,,,,,,,,,,,,,,,,,,,,,,,,,,
CPU (Control Flow),cpu,2048,64,1161822208,0.1762187350002477,0.1762187350002477,0.0029527900159999,73465856,15.814451382694024,6.593068597379084,0.0022963840000329,50331648.0,0.0305114730000468,536870912.0,0.1210614730000543,20971520.0,0.021557575000088,536870912.0,0.0007918300000255,16777216.0,real_cpu,Intel i7 AVX2 (estimated),0.5,50.0,2.0,2.0.2,,,,,,,,,,,,,,,,,,,,,,,,,,,,,,,,,,
CPU (Control Flow),cpu,2048,128,2436890624,0.2091883460001327,0.2091883460001327,0.005502926848,79953920,30.478688524590165,11.649265700482443,0.0077300800001012,201326592.0,0.0445266440000295,1073741824.0,0.11889515200005,20971520.0,0.0353453139999828,1073741824.0,0.0026911559999689,67108864.0,real_cpu,Intel i7 AVX2 (estimated),0.5,50.0,2.0,2.0.2,,,,,,,,,,,,,,,,,,,,,,,,,,,,,,,,,,
CPU (Control Flow),cpu,2048,256,5389680640,0.3027314529999785,0.3027314529999785,0.01140850688,93323264,57.752808988764045,17.80350401846214,0.0300136989999373,805306368.0,0.0767932429999973,2147483648.0,0.1216177180000386,20971520.0,0.0647440669999923,2147483648.0,0.0095627260000128,268435456.0,real_cpu,Intel i7 AVX2 (estimated),0.5,50.0,2.0,2.0.2,,,,,,,,,,,,,,,,,,,,,,,,,,,,,,,,,,
CPU (Fused SDPA),cpu_fused,128,64,8470528,0.0009087019999469,0.0009087019999469,0.0,720896,11.75,9.321568567576962,,,,,,,,,,,real_cpu_fused,,,,,,0.0009087019999469,8470528.0,torch.nn.functional.scaled_dot_product_attention,8.0,2.10.0+cpu,,,,,,,,,,,,,,,,,,,,,,,,,,,,,
CPU (Fused SDPA),cpu_fused,128,128,25247744,0.0014560429999619,0.0014560429999619,0.0,1310720,19.2625,17.339971416132634,,,,,,,,,,,real_cpu_fused,,,,,,0.0014560429999619,25247744.0,torch.nn.functional.scaled_dot_product_attention,8.0,2.10.0+cpu,,,,,,,,,,,,,,,,,,,,,,,,,,,,,
CPU (Fused SDPA),cpu_fused,128,256,83968000,0.0037691590000576,0.0037691590000576,0.0,2883584,29.119318181818183,22.277648674071493,,,,,,,,,,,real_cpu_fused,,,,,,0.0037691590000576,83968000.0,torch.nn.functional.scaled_dot_product_attention,8.0,2.10.0+cpu,,,,,,,,,,,,,,,,,,,,,,,,,,,,,
CPU (Fused SDPA),cpu_fused,256,64,25493504,0.0030334729999594,0.0030334729999594,0.0,1900544,13.413793103448276,8.404064911848725,,,,,,,,,,,real_cpu_fused,,,,,,0.0030334729999594,25493504.0,torch.nn.functional.scaled_dot_product_attention,8.0,2.10.0+cpu,,,,,,,,,,,,,,,,,,,,,,,,,,,,,
CPU (Fused SDPA),cpu_fused,256,128,67436544,0.0043518969999922,0.0043518969999922,0.0,2883584,23.38636363636364,15.495896157496295,,,,,,,,,,,real_cpu_fused,,,,,,0.0043518969999922,67436544.0,torch.nn.functional.scaled_dot_product_attention,8.0,2.10.0+cpu,,,,,,,,,,,,,,,,,,,,,,,,,,,,,
CPU (Fused SDPA),cpu_fused,256,256,201654272,0.0092054220000363,0.0092054220000363,0.0,5242880,38.4625,21.90603233607358,,,,,,,,,,,real_cpu_fused,,,,,,0.0092054220000363,201654272.0,torch.nn.functional.scaled_dot_product_attention,8.0,2.10.0+cpu,,,,,,,,,,,,,,,,,,,,,,,,,,,,,
CPU (Fused SDPA),cpu_fused,512,64,85196800,0.0121006260000058,0.0121006260000058,0.0,5832704,14.606741573033707,7.040693597170836,,,,,,,,,,,real_cpu_fused,,,,,,0.0121006260000058,85196800.0,torch.nn.functional.scaled_dot_product_attention,8.0,2.10.0+cpu,,,,,,,,,,,,,,,,,,,,,,,,,,,,,
CPU (Fused SDPA),cpu_fused,512,128,202637312,0.0144551930000034,0.0144551930000034,0.0,7602176,26.655172413793103,14.018305532133128,,,,,,,,,,,real_cpu_fused,,,,,,0.0144551930000034,202637312.0,torch.nn.functional.scaled_dot_product_attention,8.0,2.10.0+cpu,,,,,,,,,,,,,,,,,,,,,,,,,,,,,
CPU (Fused SDPA),cpu_fused,512,256,538181632,0.0258126950000132,0.0258126950000132,0.0,11534336,46.65909090909091,20.849494095820816,,,,,,,,,,,real_cpu_fused,,,,,,0.0258126950000132,538181632.0,torch.nn.functional.scaled_dot_product_attention,8.0,2.10.0+cpu,,,,,,,,,,,,,,,,,,,,,,,,,,,,,
CPU (Fused SDPA),cpu_fused,1024,64,307232768,0.0446714119999569,0.0446714119999569,0.0,19988480,15.37049180327869,6.87761488265238,,,,,,,,,,,real_cpu_fused,,,,,,0.0446714119999569,307232768.0,torch.nn.functional.scaled_dot_product_attention,8.0,2.10.0+cpu,,,,,,,,,,,,,,,,,,,,,,,,,,,,,
CPU (Fused SDPA),cpu_fused,1024,128,676331520,0.0594517330000599,0.0594517330000599,0.0,23330816,28.98876404494382,11.37614474584481,,,,,,,,,,,real_cpu_fused,,,,,,0.0594517330000599,676331520.0,torch.nn.functional.scaled_dot_product_attention,8.0,2.10.0+cpu,,,,,,,,,,,,,,,,,,,,,,,,,,,,,
CPU (Fused SDPA),cpu_fused,1024,256,1615855616,0.0829114709999885,0.0829114709999885,0.0,30408704,53.13793103448276,19.4889271232472,,,,,,,,,,,real_cpu_fused,,,,,,0.0829114709999885,1615855616.0,torch.nn.functional.scaled_dot_product_attention,8.0,2.10.0+cpu,,,,,,,,,,,,,,,,,,,,,,,,,,,,,
CPU (Fused SDPA),cpu_fused,2048,64,1161822208,0.1745566159999043,0.1745566159999043,0.0,73465856,15.814451382694024,6.655847452958395,,,,,,,,,,,real_cpu_fused,,,,,,0.1745566159999043,1161822208.0,torch.nn.functional.scaled_dot_product_attention,8.0,2.10.0+cpu,,,,,,,,,,,,,,,,,,,,,,,,,,,,,
CPU (Fused SDPA),cpu_fused,2048,128,2436890624,0.2084351579999293,0.2084351579999293,0.0,79953920,30.478688524590165,11.691360744432698,,,,,,,,,,,real_cpu_fused,,,,,,0.2084351579999293,2436890624.0,torch.nn.functional.scaled_dot_product_attention,8.0,2.10.0+cpu,,,,,,,,,,,,,,,,,,,,,,,,,,,,,
CPU (Fused SDPA),cpu_fused,2048,256,5389680640,0.3036870829999998,0.3036870829999998,0.0,93323264,57.752808988764045,17.74748068557135,,,,,,,,,,,real_cpu_fused,,,,,,0.3036870829999998,5389680640.0,torch.nn.functional.scaled_dot_product_attention,8.0,2.10.0+cpu,,,,,,,,,,,,,,,,,,,,,,,,,,,,,
GPU (Control Flow),gpu,128,64,8470528,0.0013792960271239,0.0013792960271239,5.22528e-05,720896,11.75,6.1411965476784,0.0006388800144195,3145728.0,0.0002412160038948,2097152.0,4.508800059556961e-05,81920.0,0.0002292480021715,2097152.0,0.0002248640060424,1048576.0,real_cuda,,8.1,320.0,,,,,,,,Tesla T4,8.8125,,,,,,,,,,,,,,,,,,,,,,,,,,,
GPU (Control Flow),gpu,128,128,25247744,0.0014164800196886,0.0014164800196886,5.4096000000000005e-05,1310720,19.2625,17.82428530516821,0.0006641600131988,12582912.0,0.0002497600018978,4194304.0,4.518400132656097e-05,81920.0,0.0002310400009155,4194304.0,0.0002263360023498,4194304.0,real_cuda,,8.1,320.0,,,,,,,,Tesla T4,9.5,,,,,,,,,,,,,,,,,,,,,,,,,,,
GPU (Control Flow),gpu,128,256,83968000,0.0014416960179805,0.0014416960179805,6.076590617283951e-05,2883584,29.119318181818183,58.24251364557166,0.0006775360107421,50331648.0,0.0002496320009231,8388608.0,4.492799937725067e-05,81920.0,0.0002329600006341,8388608.0,0.0002366400063037,16777216.0,real_cuda,,8.1,320.0,,,,,,,,Tesla T4,11.625,,,,,,,,,,,,,,,,,,,,,,,,,,,
GPU (Control Flow),gpu,256,64,25493504,0.0013926720172166,0.0013926720172166,5.59392e-05,1900544,13.413793103448276,18.30546150482,0.0006373760104179,6291456.0,0.0002355200052261,8388608.0,6.742399930953979e-05,327680.0,0.0002317440062761,8388608.0,0.0002206079959869,2097152.0,real_cuda,,8.1,320.0,,,,,,,,Tesla T4,9.875,,,,,,,,,,,,,,,,,,,,,,,,,,,
GPU (Control Flow),gpu,256,128,67436544,0.0014677440375089,0.0014677440375089,5.9923444938271606e-05,2883584,23.38636363636364,45.94571142966617,0.0006694080233573,25165824.0,0.0002560000121593,16777216.0,6.6880002617836e-05,327680.0,0.0002437440007925,16777216.0,0.0002317119985818,8388608.0,real_cuda,,8.1,320.0,,,,,,,,Tesla T4,10.875,,,,,,,,,,,,,,,,,,,,,,,,,,,
GPU (Control Flow),gpu,256,256,201654272,0.0026622719913721,0.0026622719913721,7.649353481481482e-05,5242880,38.4625,75.7451803022085,0.0012758719921112,100663296.0,0.0004532800018787,33554432.0,6.623999774456024e-05,327680.0,0.000437056005001,33554432.0,0.0004298239946365,33554432.0,real_cuda,,8.1,320.0,,,,,,,,Tesla T4,13.625,,,,,,,,,,,,,,,,,,,,,,,,,,,
GPU (Control Flow),gpu,512,64,85196800,0.0021087999790906,0.0021087999790906,6.83202449382716e-05,5832704,14.606741573033707,40.400607380855845,0.0006942399740219,12582912.0,0.0004773119986057,33554432.0,0.0002180799990892,1310720.0,0.0004732800126075,33554432.0,0.0002458879947662,4194304.0,real_cuda,,8.1,320.0,,,,,,,,Tesla T4,13.5,,,,,,,,,,,,,,,,,,,,,,,,,,,
GPU (Control Flow),gpu,512,128,202637312,0.0030816320478916,0.0030816320478916,8.140873481481482e-05,7602176,26.655172413793103,65.7564916417065,0.0007509440183639,50331648.0,0.0009438080191612,67108864.0,0.0002199040055274,1310720.0,0.0009065920114517,67108864.0,0.0002603839933872,16777216.0,real_cuda,,8.1,320.0,,,,,,,,Tesla T4,15.125,,,,,,,,,,,,,,,,,,,,,,,,,,,
GPU (Control Flow),gpu,512,256,538181632,0.0072886721044778,0.0072886721044778,0.0001228339595061,11534336,46.65909090909091,73.83809070919266,0.0026727681159973,201326592.0,0.0017653759717941,134217728.0,0.0002228160053491,1310720.0,0.0017224960327148,134217728.0,0.0009052159786224,67108864.0,real_cuda,,8.1,320.0,,,,,,,,Tesla T4,19.125,,,,,,,,,,,,,,,,,,,,,,,,,,,
GPU (Control Flow),gpu,1024,64,307232768,0.0051848000437021,0.0051848000437021,0.000116112979753,19988480,15.37049180327869,59.25643523575989,0.0007076799869537,25165824.0,0.0017889920473098,134217728.0,0.0007238399982452,5242880.0,0.0017181760072708,134217728.0,0.0002461120039224,8388608.0,real_cuda,,8.1,320.0,,,,,,,,Tesla T4,26.75,,,,,,,,,,,,,,,,,,,,,,,,,,,
GPU (Control Flow),gpu,1024,128,676331520,0.0053832960426807,0.0053832960426807,0.0001590648493827,23330816,28.98876404494382,125.63520836264556,0.0008188800215721,100663296.0,0.0019573119878768,268435456.0,0.0004259839951992,5242880.0,0.0018943680524826,268435456.0,0.0002867519855499,33554432.0,real_cuda,,8.1,320.0,,,,,,,,Tesla T4,29.625,,,,,,,,,,,,,,,,,,,,,,,,,,,
GPU (Control Flow),gpu,1024,256,1615855616,0.0117148800492286,0.0117148800492286,0.0002750554785185,30408704,53.13793103448276,137.93189594855403,0.0028938241004943,402653184.0,0.0037350718975067,536870912.0,0.000419968008995,5242880.0,0.003670912027359,536870912.0,0.0009951040148735,134217728.0,real_cuda,,8.1,320.0,,,,,,,,Tesla T4,36.125,,,,,,,,,,,,,,,,,,,,,,,,,,,
GPU (Control Flow),gpu,2048,64,1161822208,0.0076336319446563,0.0076336319446563,0.0003007303190123,73465856,15.814451382694024,152.19782882161203,0.0003109120130538,50331648.0,0.0025285120010375,536870912.0,0.0019621440172195,20971520.0,0.0027133119106292,536870912.0,0.000118752002716,16777216.0,real_cuda,,8.1,320.0,,,,,,,,Tesla T4,77.25,,,,,,,,,,,,,,,,,,,,,,,,,,,
GPU (Control Flow),gpu,2048,128,2436890624,0.0134717119634151,0.0134717119634151,0.0004531192177777,79953920,30.478688524590165,180.88945418502223,0.0011438399553298,201326592.0,0.0046480641365051,1073741824.0,0.0019492160081863,20971520.0,0.0053063678741455,1073741824.0,0.0004242239892482,67108864.0,real_cuda,,8.1,320.0,,,,,,,,Tesla T4,82.625,,,,,,,,,,,,,,,,,,,,,,,,,,,
GPU (Control Flow),gpu,2048,256,5389680640,0.0270716794729232,0.0270716794729232,0.0008176611950617,93323264,57.752808988764045,199.08926025039136,0.0041970877647399,805306368.0,0.0089149436950683,2147483648.0,0.0019558399915695,20971520.0,0.0105820159912109,2147483648.0,0.0014217920303344,268435456.0,real_cuda,,8.1,320.0,,,,,,,,Tesla T4,94.125,,,,,,,,,,,,,,,,,,,,,,,,,,,
GPU (Fused SDPA),gpu_fused,128,64,8470528,0.0016861439943313,0.0016861439943313,0.0,720896,11.75,5.023608913875108,,,,,,,,,,,real_cuda_fused,,,,,,0.0016861439943313,8470528.0,torch.nn.functional.scaled_dot_product_attention,8.0,,Tesla T4,,True,True,,,,,,,,,,,,,,,,,,,,,,,,,
GPU (Fused SDPA),gpu_fused,128,128,25247744,0.0017373119592666,0.0017373119592666,0.0,1310720,19.2625,14.532648477627088,,,,,,,,,,,real_cuda_fused,,,,,,0.0017373119592666,25247744.0,torch.nn.functional.scaled_dot_product_attention,8.0,,Tesla T4,,True,True,,,,,,,,,,,,,,,,,,,,,,,,,
GPU (Fused SDPA),gpu_fused,128,256,83968000,0.0011687680482864,0.0011687680482864,0.0,2883584,29.119318181818183,71.84316864505985,,,,,,,,,,,real_cuda_fused,,,,,,0.0011687680482864,83968000.0,torch.nn.functional.scaled_dot_product_attention,8.0,,Tesla T4,,True,True,,,,,,,,,,,,,,,,,,,,,,,,,
GPU (Fused SDPA),gpu_fused,256,64,25493504,0.0016378240585327,0.0016378240585327,0.0,1900544,13.413793103448276,15.565471680052733,,,,,,,,,,,real_cuda_fused,,,,,,0.0016378240585327,25493504.0,torch.nn.functional.scaled_dot_product_attention,8.0,,Tesla T4,,True,True,,,,,,,,,,,,,,,,,,,,,,,,,
GPU (Fused SDPA),gpu_fused,256,128,67436544,0.0017408000230789,0.0017408000230789,0.0,2883584,23.38636363636364,38.73882301582598,,,,,,,,,,,real_cuda_fused,,,,,,0.0017408000230789,67436544.0,torch.nn.functional.scaled_dot_product_attention,8.0,,Tesla T4,,True,True,,,,,,,,,,,,,,,,,,,,,,,,,
GPU (Fused SDPA),gpu_fused,256,256,201654272,0.0024945919513702,0.0024945919513702,0.0,5242880,38.4625,80.8365760537448,,,,,,,,,,,real_cuda_fused,,,,,,0.0024945919513702,201654272.0,torch.nn.functional.scaled_dot_product_attention,8.0,,Tesla T4,,True,True,,,,,,,,,,,,,,,,,,,,,,,,,
GPU (Fused SDPA),gpu_fused,512,64,85196800,0.0026997120380401,0.0026997120380401,0.0,5832704,14.606741573033707,31.5577360842707,,,,,,,,,,,real_cuda_fused,,,,,,0.0026997120380401,85196800.0,torch.nn.functional.scaled_dot_product_attention,8.0,,Tesla T4,,True,True,,,,,,,,,,,,,,,,,,,,,,,,,
GPU (Fused SDPA),gpu_fused,512,128,202637312,0.0028563520908355,0.0028563520908355,0.0,7602176,26.655172413793103,70.94269388222456,,,,,,,,,,,real_cuda_fused,,,,,,0.0028563520908355,202637312.0,torch.nn.functional.scaled_dot_product_attention,8.0,,Tesla T4,,True,True,,,,,,,,,,,,,,,,,,,,,,,,,
GPU (Fused SDPA),gpu_fused,512,256,538181632,0.0042406401634216,0.0042406401634216,0.0,11534336,46.65909090909091,126.91046899998211,,,,,,,,,,,real_cuda_fused,,,,,,0.0042406401634216,538181632.0,torch.nn.functional.scaled_dot_product_attention,8.0,,Tesla T4,,True,True,,,,,,,,,,,,,,,,,,,,,,,,,
GPU (Fused SDPA),gpu_fused,1024,64,307232768,0.0092435522079467,0.0092435522079467,0.0,19988480,15.37049180327869,33.23752179772067,,,,,,,,,,,real_cuda_fused,,,,,,0.0092435522079467,307232768.0,torch.nn.functional.scaled_dot_product_attention,8.0,,Tesla T4,,True,True,,,,,,,,,,,,,,,,,,,,,,,,,
GPU (Fused SDPA),gpu_fused,1024,128,676331520,0.010195327758789,0.010195327758789,0.0,23330816,28.98876404494382,66.33739846342424,,,,,,,,,,,real_cuda_fused,,,,,,0.010195327758789,676331520.0,torch.nn.functional.scaled_dot_product_attention,8.0,,Tesla T4,,True,True,,,,,,,,,,,,,,,,,,,,,,,,,
GPU (Fused SDPA),gpu_fused,1024,256,1615855616,0.0133164796829223,0.0133164796829223,0.0,30408704,53.13793103448276,121.3425510701784,,,,,,,,,,,real_cuda_fused,,,,,,0.0133164796829223,1615855616.0,torch.nn.functional.scaled_dot_product_attention,8.0,,Tesla T4,,True,True,,,,,,,,,,,,,,,,,,,,,,,,,
GPU (Fused SDPA),gpu_fused,2048,64,1161822208,0.0400418243408203,0.0400418243408203,0.0,73465856,15.814451382694024,29.01521664225448,,,,,,,,,,,real_cuda_fused,,,,,,0.0400418243408203,1161822208.0,torch.nn.functional.scaled_dot_product_attention,8.0,,Tesla T4,,True,True,,,,,,,,,,,,,,,,,,,,,,,,,
GPU (Fused SDPA),gpu_fused,2048,128,2436890624,0.0433029136657714,0.0433029136657714,0.0,79953920,30.478688524590165,56.27544240576645,,,,,,,,,,,real_cuda_fused,,,,,,0.0433029136657714,2436890624.0,torch.nn.functional.scaled_dot_product_attention,8.0,,Tesla T4,,True,True,,,,,,,,,,,,,,,,,,,,,,,,,
GPU (Fused SDPA),gpu_fused,2048,256,5389680640,0.0516368942260742,0.0516368942260742,0.0,93323264,57.752808988764045,104.37654550645811,,,,,,,,,,,real_cuda_fused,,,,,,0.0516368942260742,5389680640.0,torch.nn.functional.scaled_dot_product_attention,8.0,,Tesla T4,,True,True,,,,,,,,,,,,,,,,,,,,,,,,,
TPU (Systolic Array),tpu_systolic,128,64,8470528,0.0005873280000514,0.0005873280000514,0.0,720896,11.75,14.422142311038945,0.0001511199999981,3145728.0,0.0001120200000173,2097152.0,0.0001071890000048,81920.0,0.0001086490000261,2097152.0,0.0001083500000049,1048576.0,real_tpu_jax,,,,,,,,,,,,,,,"TPU_0(process=0,(0,0,0,0))",float32,separate_jit_per_operation,128x128,700000000.0,0.0005873280000514,3.731428571428572e-06,5.0,"JAX (per-op JIT, decomposed timing)",,,,,,,,,,,,,,,,
TPU (Systolic Array),tpu_systolic,128,128,25247744,0.0005846889999929,0.0005846889999929,0.0,1310720,19.2625,43.18149306777322,0.0001584999999977,12582912.0,0.000110248999988,4194304.0,0.0001053709999609,81920.0,0.000104489000023,4194304.0,0.0001060800000232,4194304.0,real_tpu_jax,,,,,,,,,,,,,,,"TPU_0(process=0,(0,0,0,0))",float32,separate_jit_per_operation,128x128,700000000.0,0.0005846889999929,4.188571428571429e-06,5.0,"JAX (per-op JIT, decomposed timing)",,,,,,,,,,,,,,,,
TPU (Systolic Array),tpu_systolic,128,256,83968000,0.000581029999978,0.000581029999978,0.0,2883584,29.119318181818183,144.51577371767266,0.0001564699999789,50331648.0,0.0001083999999877,8388608.0,0.0001034499999832,81920.0,0.0001059300000179,8388608.0,0.00010678000001,16777216.0,real_tpu_jax,,,,,,,,,,,,,,,"TPU_0(process=0,(0,0,0,0))",float32,separate_jit_per_operation,128x128,700000000.0,0.000581029999978,8.562857142857143e-06,5.0,"JAX (per-op JIT, decomposed timing)",,,,,,,,,,,,,,,,
TPU (Systolic Array),tpu_systolic,256,64,25493504,0.0005758199999377,0.0005758199999377,0.0,1900544,13.413793103448276,44.27339099502847,0.000154000000009,6291456.0,0.0001080899999692,8388608.0,0.0001043399999502,327680.0,0.0001051500000244,8388608.0,0.0001042399999846,2097152.0,real_tpu_jax,,,,,,,,,,,,,,,"TPU_0(process=0,(0,0,0,0))",float32,separate_jit_per_operation,128x128,700000000.0,0.0005758199999377,1.0565714285714284e-05,5.0,"JAX (per-op JIT, decomposed timing)",,,,,,,,,,,,,,,,
TPU (Systolic Array),tpu_systolic,256,128,67436544,0.0005795620000412,0.0005795620000412,0.0,2883584,23.38636363636364,116.35777362076354,0.000156311000012,25165824.0,0.0001070710000021,16777216.0,0.0001052910000112,327680.0,0.0001059690000033,16777216.0,0.0001049200000124,8388608.0,real_tpu_jax,,,,,,,,,,,,,,,"TPU_0(process=0,(0,0,0,0))",float32,separate_jit_per_operation,128x128,700000000.0,0.0005795620000412,1.1662857142857143e-05,5.0,"JAX (per-op JIT, decomposed timing)",,,,,,,,,,,,,,,,
TPU (Systolic Array),tpu_systolic,256,256,201654272,0.0006346209999605,0.0006346209999605,0.0,5242880,38.4625,317.7554351534586,0.0001872400000024,100663296.0,0.0001148900000202,33554432.0,0.0001086909999798,327680.0,0.0001136199999791,33554432.0,0.0001101799999787,33554432.0,real_tpu_jax,,,,,,,,,,,,,,,"TPU_0(process=0,(0,0,0,0))",float32,separate_jit_per_operation,128x128,700000000.0,0.0006346209999605,2.1142857142857144e-05,5.0,"JAX (per-op JIT, decomposed timing)",,,,,,,,,,,,,,,,
TPU (Systolic Array),tpu_systolic,512,64,85196800,0.0006190299999957,0.0006190299999957,0.0,5832704,14.606741573033707,137.62951714874154,0.0001851600000009,12582912.0,0.0001148499999885,33554432.0,0.0001079300000128,1310720.0,0.0001077900000154,33554432.0,0.0001032999999779,4194304.0,real_tpu_jax,,,,,,,,,,,,,,,"TPU_0(process=0,(0,0,0,0))",float32,separate_jit_per_operation,128x128,700000000.0,0.0006190299999957,3.3542857142857144e-05,5.0,"JAX (per-op JIT, decomposed timing)",,,,,,,,,,,,,,,,
TPU (Systolic Array),tpu_systolic,512,128,202637312,0.0005900700000438,0.0005900700000438,0.0,7602176,26.655172413793103,343.4123273254711,0.0001563000000146,50331648.0,0.0001106500000105,67108864.0,0.0001064700000483,1310720.0,0.0001091099999825,67108864.0,0.0001075399999876,16777216.0,real_tpu_jax,,,,,,,,,,,,,,,"TPU_0(process=0,(0,0,0,0))",float32,separate_jit_per_operation,128x128,700000000.0,0.0005900700000438,3.646857142857143e-05,5.0,"JAX (per-op JIT, decomposed timing)",,,,,,,,,,,,,,,,
TPU (Systolic Array),tpu_systolic,512,256,538181632,0.0006605890000059,0.0006605890000059,0.0,11534336,46.65909090909091,814.6996574195521,0.0001889499999947,201326592.0,0.0001216300000237,134217728.0,0.0001157099999886,1310720.0,0.0001192089999904,134217728.0,0.0001150900000084,67108864.0,real_tpu_jax,,,,,,,,,,,,,,,"TPU_0(process=0,(0,0,0,0))",float32,separate_jit_per_operation,128x128,700000000.0,0.0006605890000059,5.835428571428572e-05,5.0,"JAX (per-op JIT, decomposed timing)",,,,,,,,,,,,,,,,
TPU (Systolic Array),tpu_systolic,1024,64,307232768,0.0009204400000726,0.0009204400000726,0.0,19988480,15.37049180327869,333.78902261500656,0.0002320799999893,25165824.0,0.0001816399999938,134217728.0,0.0001800900000148,5242880.0,0.0001701700000467,134217728.0,0.0001564600000278,8388608.0,real_tpu_jax,,,,,,,,,,,,,,,"TPU_0(process=0,(0,0,0,0))",float32,separate_jit_per_operation,128x128,700000000.0,0.0009204400000726,0.0001167314285714,5.0,"JAX (per-op JIT, decomposed timing)",,,,,,,,,,,,,,,,
TPU (Systolic Array),tpu_systolic,1024,128,676331520,0.0007662889999551,0.0007662889999551,0.0,23330816,28.98876404494382,882.6063274294803,0.0001966089999996,100663296.0,0.000138990000039,268435456.0,0.0001440499999603,5242880.0,0.0001500099999702,268435456.0,0.0001366299999858,33554432.0,real_tpu_jax,,,,,,,,,,,,,,,"TPU_0(process=0,(0,0,0,0))",float32,separate_jit_per_operation,128x128,700000000.0,0.0007662889999551,0.0001255085714285,5.0,"JAX (per-op JIT, decomposed timing)",,,,,,,,,,,,,,,,
TPU (Systolic Array),tpu_systolic,1024,256,1615855616,0.0010306199999945,0.0010306199999945,0.0,30408704,53.13793103448276,1567.8481069730428,0.0002505399999677,402653184.0,0.000202339999987,536870912.0,0.0001874900000302,5242880.0,0.0002034600000229,536870912.0,0.0001867899999865,134217728.0,real_tpu_jax,,,,,,,,,,,,,,,"TPU_0(process=0,(0,0,0,0))",float32,separate_jit_per_operation,128x128,700000000.0,0.0010306199999945,0.0001809828571428,5.0,"JAX (per-op JIT, decomposed timing)",,,,,,,,,,,,,,,,
TPU (Systolic Array),tpu_systolic,2048,64,1161822208,0.0009081900000182,0.0009081900000182,0.0,73465856,15.814451382694024,1279.272187512081,0.000195739999981,50331648.0,0.0001805200000148,536870912.0,0.0002054999999927,20971520.0,0.0001835400000231,536870912.0,0.0001428900000064,16777216.0,real_tpu_jax,,,,,,,,,,,,,,,"TPU_0(process=0,(0,0,0,0))",float32,separate_jit_per_operation,128x128,700000000.0,0.0009081900000182,0.0004320457142857,5.0,"JAX (per-op JIT, decomposed timing)",,,,,,,,,,,,,,,,
TPU (Systolic Array),tpu_systolic,2048,128,2436890624,0.0009639599999786,0.0009639599999786,0.0,79953920,30.478688524590165,2527.9997344847534,0.0002180099999691,201326592.0,0.0001919200000202,1073741824.0,0.0002079299999877,20971520.0,0.0002024400000095,1073741824.0,0.0001436599999919,67108864.0,real_tpu_jax,,,,,,,,,,,,,,,"TPU_0(process=0,(0,0,0,0))",float32,separate_jit_per_operation,128x128,700000000.0,0.0009639599999786,0.0004613028571428,5.0,"JAX (per-op JIT, decomposed timing)",,,,,,,,,,,,,,,,
TPU (Systolic Array),tpu_systolic,2048,256,5389680640,0.0010980999999787,0.0010980999999787,0.0,93323264,57.752808988764045,4908.187451146639,0.0002362799999673,805306368.0,0.0002270300000191,2147483648.0,0.0002255999999647,20971520.0,0.0002519900000379,2147483648.0,0.0001571999999896,268435456.0,real_tpu_jax,,,,,,,,,,,,,,,"TPU_0(process=0,(0,0,0,0))",float32,separate_jit_per_operation,128x128,700000000.0,0.0010980999999787,0.0006190628571428,5.0,"JAX (per-op JIT, decomposed timing)",,,,,,,,,,,,,,,,
TPU (Fused SDPA),tpu_fused,128,64,8470528,0.0001401399999849,0.0001401399999849,0.0,720896,11.75,60.44332810695467,,,,,,,,,,,real_tpu_jax,,,,,,0.0001401399999849,8470528.0,JAX fused attention (XLA-optimized),,,,,,,"TPU_0(process=0,(0,0,0,0))",float32,single_fused_jit,,,,,,"JAX (single JIT, fused timing)",,,,,,,,,,,,,,,,
TPU (Fused SDPA),tpu_fused,128,128,25247744,0.0001318099999707,0.0001318099999707,0.0,1310720,19.2625,191.54649879069612,,,,,,,,,,,real_tpu_jax,,,,,,0.0001318099999707,25247744.0,JAX fused attention (XLA-optimized),,,,,,,"TPU_0(process=0,(0,0,0,0))",float32,single_fused_jit,,,,,,"JAX (single JIT, fused timing)",,,,,,,,,,,,,,,,
TPU (Fused SDPA),tpu_fused,128,256,83968000,0.0001309599999785,0.0001309599999785,0.0,2883584,29.119318181818183,641.1728773192584,,,,,,,,,,,real_tpu_jax,,,,,,0.0001309599999785,83968000.0,JAX fused attention (XLA-optimized),,,,,,,"TPU_0(process=0,(0,0,0,0))",float32,single_fused_jit,,,,,,"JAX (single JIT, fused timing)",,,,,,,,,,,,,,,,
TPU (Fused SDPA),tpu_fused,256,64,25493504,0.000131299999964,0.000131299999964,0.0,1900544,13.413793103448276,194.16225443239384,,,,,,,,,,,real_tpu_jax,,,,,,0.000131299999964,25493504.0,JAX fused attention (XLA-optimized),,,,,,,"TPU_0(process=0,(0,0,0,0))",float32,single_fused_jit,,,,,,"JAX (single JIT, fused timing)",,,,,,,,,,,,,,,,
TPU (Fused SDPA),tpu_fused,256,128,67436544,0.000122680000004,0.000122680000004,0.0,2883584,23.38636363636364,549.6946853421917,,,,,,,,,,,real_tpu_jax,,,,,,0.000122680000004,67436544.0,JAX fused attention (XLA-optimized),,,,,,,"TPU_0(process=0,(0,0,0,0))",float32,single_fused_jit,,,,,,"JAX (single JIT, fused timing)",,,,,,,,,,,,,,,,
TPU (Fused SDPA),tpu_fused,256,256,201654272,0.0001543100000276,0.0001543100000276,0.0,5242880,38.4625,1306.8127273921698,,,,,,,,,,,real_tpu_jax,,,,,,0.0001543100000276,201654272.0,JAX fused attention (XLA-optimized),,,,,,,"TPU_0(process=0,(0,0,0,0))",float32,single_fused_jit,,,,,,"JAX (single JIT, fused timing)",,,,,,,,,,,,,,,,
TPU (Fused SDPA),tpu_fused,512,64,85196800,0.0001551099999801,0.0001551099999801,0.0,5832704,14.606741573033707,549.2669718967699,,,,,,,,,,,real_tpu_jax,,,,,,0.0001551099999801,85196800.0,JAX fused attention (XLA-optimized),,,,,,,"TPU_0(process=0,(0,0,0,0))",float32,single_fused_jit,,,,,,"JAX (single JIT, fused timing)",,,,,,,,,,,,,,,,
TPU (Fused SDPA),tpu_fused,512,128,202637312,0.0001288400000021,0.0001288400000021,0.0,7602176,26.655172413793103,1572.78261406902,,,,,,,,,,,real_tpu_jax,,,,,,0.0001288400000021,202637312.0,JAX fused attention (XLA-optimized),,,,,,,"TPU_0(process=0,(0,0,0,0))",float32,single_fused_jit,,,,,,"JAX (single JIT, fused timing)",,,,,,,,,,,,,,,,
TPU (Fused SDPA),tpu_fused,512,256,538181632,0.0001945099999716,0.0001945099999716,0.0,11534336,46.65909090909091,2766.858424135199,,,,,,,,,,,real_tpu_jax,,,,,,0.0001945099999716,538181632.0,JAX fused attention (XLA-optimized),,,,,,,"TPU_0(process=0,(0,0,0,0))",float32,single_fused_jit,,,,,,"JAX (single JIT, fused timing)",,,,,,,,,,,,,,,,
TPU (Fused SDPA),tpu_fused,1024,64,307232768,0.0001991109999721,0.0001991109999721,0.0,19988480,15.37049180327869,1543.022575563144,,,,,,,,,,,real_tpu_jax,,,,,,0.0001991109999721,307232768.0,JAX fused attention (XLA-optimized),,,,,,,"TPU_0(process=0,(0,0,0,0))",float32,single_fused_jit,,,,,,"JAX (single JIT, fused timing)",,,,,,,,,,,,,,,,
TPU (Fused SDPA),tpu_fused,1024,128,676331520,0.000198360000013,0.000198360000013,0.0,23330816,28.98876404494382,3409.61645470605,,,,,,,,,,,real_tpu_jax,,,,,,0.000198360000013,676331520.0,JAX fused attention (XLA-optimized),,,,,,,"TPU_0(process=0,(0,0,0,0))",float32,single_fused_jit,,,,,,"JAX (single JIT, fused timing)",,,,,,,,,,,,,,,,
TPU (Fused SDPA),tpu_fused,1024,256,1615855616,0.0002303200000142,0.0002303200000142,0.0,30408704,53.13793103448276,7015.698228118524,,,,,,,,,,,real_tpu_jax,,,,,,0.0002303200000142,1615855616.0,JAX fused attention (XLA-optimized),,,,,,,"TPU_0(process=0,(0,0,0,0))",float32,single_fused_jit,,,,,,"JAX (single JIT, fused timing)",,,,,,,,,,,,,,,,
TPU (Fused SDPA),tpu_fused,2048,64,1161822208,0.0002393199999914,0.0002393199999914,0.0,73465856,15.814451382694024,4854.680795760042,,,,,,,,,,,real_tpu_jax,,,,,,0.0002393199999914,1161822208.0,JAX fused attention (XLA-optimized),,,,,,,"TPU_0(process=0,(0,0,0,0))",float32,single_fused_jit,,,,,,"JAX (single JIT, fused timing)",,,,,,,,,,,,,,,,
TPU (Fused SDPA),tpu_fused,2048,128,2436890624,0.0002191400000128,0.0002191400000128,0.0,79953920,30.478688524590165,11120.245614021693,,,,,,,,,,,real_tpu_jax,,,,,,0.0002191400000128,2436890624.0,JAX fused attention (XLA-optimized),,,,,,,"TPU_0(process=0,(0,0,0,0))",float32,single_fused_jit,,,,,,"JAX (single JIT, fused timing)",,,,,,,,,,,,,,,,
TPU (Fused SDPA),tpu_fused,2048,256,5389680640,0.0003417309999917,0.0003417309999917,0.0,93323264,57.752808988764045,15771.705347566914,,,,,,,,,,,real_tpu_jax,,,,,,0.0003417309999917,5389680640.0,JAX fused attention (XLA-optimized),,,,,,,"TPU_0(process=0,(0,0,0,0))",float32,single_fused_jit,,,,,,"JAX (single JIT, fused timing)",,,,,,,,,,,,,,,,
GaAs (RISC-V),gaas_riscv,128,64,8470528,0.0004516000044532,0.05545575,0.05545575,720896,11.75,0.1527439084314971,0.020545539,3145728.0,0.013697025,2097152.0,0.000700416,81920.0,0.013664257,2097152.0,0.006848513,1048576.0,,,,,,,,,,,,,,,,,,,,,,,,,,17119238.0,55455750.0,RISC-V RV32I subset (10 instructions),"1 ALU, 3 MUL, 4 LW, 10 FDIV",,,,,,,,,,,
GaAs (RISC-V),gaas_riscv,128,128,25247744,0.0004618000020855,0.164671494,0.164671494,1310720,19.2625,0.1533218858146753,0.081985539,12582912.0,0.027328513,4194304.0,0.000700416,81920.0,0.027328513,4194304.0,0.027328513,4194304.0,,,,,,,,,,,,,,,,,,,,,,,,,,50755590.0,164671494.0,RISC-V RV32I subset (10 instructions),"1 ALU, 3 MUL, 4 LW, 10 FDIV",,,,,,,,,,,
GaAs (RISC-V),gaas_riscv,128,256,83968000,0.000448700011475,0.546680838,0.546680838,2883584,29.119318181818183,0.1535960183041937,0.327548931,50331648.0,0.054591489,8388608.0,0.000700416,81920.0,0.054657025,8388608.0,0.109182977,16777216.0,,,,,,,,,,,,,,,,,,,,,,,,,,168359942.0,546680838.0,RISC-V RV32I subset (10 instructions),"1 ALU, 3 MUL, 4 LW, 10 FDIV",,,,,,,,,,,
GaAs (RISC-V),gaas_riscv,256,64,25493504,0.0004482999938772,0.16696935,0.16696935,1900544,13.413793103448276,0.1526837350687416,0.041091075,6291456.0,0.054788097,8388608.0,0.002801664,327680.0,0.054591489,8388608.0,0.013697025,2097152.0,,,,,,,,,,,,,,,,,,,,,,,,,,51535878.0,166969350.0,RISC-V RV32I subset (10 instructions),"1 ALU, 3 MUL, 4 LW, 10 FDIV",,,,,,,,,,,
GaAs (RISC-V),gaas_riscv,256,128,67436544,0.0004484000019147,0.43992679,0.43992679,2883584,23.38636363636364,0.1532903781558745,0.163971075,25165824.0,0.109314049,16777216.0,0.002801664,327680.0,0.109182977,16777216.0,0.054657025,8388608.0,,,,,,,,,,,,,,,,,,,,,,,,,,135585798.0,439926790.0,RISC-V RV32I subset (10 instructions),"1 ALU, 3 MUL, 4 LW, 10 FDIV",,,,,,,,,,,
GaAs (RISC-V),gaas_riscv,256,256,201654272,0.0004495000030146,1.312997382,1.312997382,5242880,38.4625,0.1535831485763008,0.655097859,100663296.0,0.218365953,33554432.0,0.002801664,327680.0,0.218365953,33554432.0,0.218365953,33554432.0,,,,,,,,,,,,,,,,,,,,,,,,,,404348934.0,1312997382.0,RISC-V RV32I subset (10 instructions),"1 ALU, 3 MUL, 4 LW, 10 FDIV",,,,,,,,,,,
GaAs (RISC-V),gaas_riscv,512,64,85196800,0.0004482000003918,0.558170118,0.558170118,5832704,14.606741573033707,0.1526359030205196,0.082182147,12582912.0,0.219152385,33554432.0,0.011206656,1310720.0,0.218234881,33554432.0,0.027394049,4194304.0,,,,,,,,,,,,,,,,,,,,,,,,,,172261382.0,558170118.0,RISC-V RV32I subset (10 instructions),"1 ALU, 3 MUL, 4 LW, 10 FDIV",,,,,,,,,,,
GaAs (RISC-V),gaas_riscv,512,128,202637312,0.0004487999976845,1.322188806,1.322188806,7602176,26.655172413793103,0.1532589831954756,0.327942147,50331648.0,0.437256193,67108864.0,0.011206656,1310720.0,0.436469761,67108864.0,0.109314049,16777216.0,,,,,,,,,,,,,,,,,,,,,,,,,,407470086.0,1322188806.0,RISC-V RV32I subset (10 instructions),"1 ALU, 3 MUL, 4 LW, 10 FDIV",,,,,,,,,,,
GaAs (RISC-V),gaas_riscv,512,256,538181632,0.0008524000077159,3.504537606,3.504537606,11534336,46.65909090909091,0.1535670871611129,1.310195715,201326592.0,0.873463809,134217728.0,0.011206656,1310720.0,0.872939521,134217728.0,0.436731905,67108864.0,,,,,,,,,,,,,,,,,,,,,,,,,,1079214086.0,3504537606.0,RISC-V RV32I subset (10 instructions),"1 ALU, 3 MUL, 4 LW, 10 FDIV",,,,,,,,,,,
GaAs (RISC-V),gaas_riscv,1024,64,307232768,0.0008202000171877,2.013265926,2.013265926,19988480,15.37049180327869,0.1526041662118708,0.164364291,25165824.0,0.876609537,134217728.0,0.044826624,5242880.0,0.872677377,134217728.0,0.054788097,8388608.0,,,,,,,,,,,,,,,,,,,,,,,,,,621281286.0,2013265926.0,RISC-V RV32I subset (10 instructions),"1 ALU, 3 MUL, 4 LW, 10 FDIV",,,,,,,,,,,
GaAs (RISC-V),gaas_riscv,1024,128,676331520,0.0006929999944986,4.413718534,4.413718534,23330816,28.98876404494382,0.153233948832497,0.655884291,100663296.0,1.749024769,268435456.0,0.044826624,5242880.0,1.745354753,268435456.0,0.218628097,33554432.0,,,,,,,,,,,,,,,,,,,,,,,,,,1360134150.0,4413718534.0,RISC-V RV32I subset (10 instructions),"1 ALU, 3 MUL, 4 LW, 10 FDIV",,,,,,,,,,,
GaAs (RISC-V),gaas_riscv,1024,256,1615855616,0.0011117999893031,10.523246598,10.523246598,30408704,53.13793103448276,0.1535510548909024,2.620391427,402653184.0,3.493855233,536870912.0,0.044826624,5242880.0,3.490709505,536870912.0,0.873463809,134217728.0,,,,,,,,,,,,,,,,,,,,,,,,,,3240493062.0,10523246598.0,RISC-V RV32I subset (10 instructions),"1 ALU, 3 MUL, 4 LW, 10 FDIV",,,,,,,,,,,
GaAs (RISC-V),gaas_riscv,2048,64,1161822208,0.0006888000061735,7.61423463,7.61423463,73465856,15.814451382694024,0.1525855538286715,0.328728579,50331648.0,3.506438145,536870912.0,0.179306496,20971520.0,3.490185217,536870912.0,0.109576193,16777216.0,,,,,,,,,,,,,,,,,,,,,,,,,,2349596678.0,7614234630.0,RISC-V RV32I subset (10 instructions),"1 ALU, 3 MUL, 4 LW, 10 FDIV",,,,,,,,,,,
GaAs (RISC-V),gaas_riscv,2048,128,2436890624,0.0010108000060427,15.904800774,15.904800774,79953920,30.478688524590165,0.1532172995202586,1.311768579,201326592.0,6.996099073,1073741824.0,0.179306496,20971520.0,6.980370433,1073741824.0,0.437256193,67108864.0,,,,,,,,,,,,,,,,,,,,,,,,,,4901044230.0,15904800774.0,RISC-V RV32I subset (10 instructions),"1 ALU, 3 MUL, 4 LW, 10 FDIV",,,,,,,,,,,
GaAs (RISC-V),gaas_riscv,2048,256,5389680640,0.0005235000062384,35.103178758,35.103178758,93323264,57.752808988764045,0.1535382501156449,5.240782851,805306368.0,13.975420929,2147483648.0,0.179306496,20971520.0,13.960740865,2147483648.0,1.746927617,268435456.0,,,,,,,,,,,,,,,,,,,,,,,,,,10809245702.0,35103178758.0,RISC-V RV32I subset (10 instructions),"1 ALU, 3 MUL, 4 LW, 10 FDIV",,,,,,,,,,,
CdTe (Turing Machine),cdte_turing,128,64,8470528,3.410000499570742e-05,11.8915072,11.8915072,720896,11.75,0.0007123174428217,4.4040192,3145728.0,2.9360128,2097152.0,0.147456,81920.0,2.9360128,2097152.0,1.4680064,1048576.0,,,,,,,,,,,,,,,,,,,,10000000.0,,,,,,,,"4 ops: SKIP, CSKIP, INC, ADD",,118915072.0,11.8915072,integer only,repeated addition O(a*b),,,,,,,
CdTe (Turing Machine),cdte_turing,128,128,25247744,1.8200000340584666e-05,35.379609599999995,35.379609599999995,1310720,19.2625,0.0007136241548578,17.6160768,12582912.0,5.8720256,4194304.0,0.147456,81920.0,5.8720256,4194304.0,5.8720256,4194304.0,,,,,,,,,,,,,,,,,,,,10000000.0,,,,,,,,"4 ops: SKIP, CSKIP, INC, ADD",,353796096.0,35.3796096,integer only,repeated addition O(a*b),,,,,,,
CdTe (Turing Machine),cdte_turing,128,256,83968000,1.6400008462369442e-05,117.587968,117.587968,2883584,29.119318181818183,0.0007140866657377,70.4643072,50331648.0,11.7440512,8388608.0,0.147456,81920.0,11.7440512,8388608.0,23.4881024,16777216.0,,,,,,,,,,,,,,,,,,,,10000000.0,,,,,,,,"4 ops: SKIP, CSKIP, INC, ADD",,1175879680.0,117.587968,integer only,repeated addition O(a*b),,,,,,,
CdTe (Turing Machine),cdte_turing,256,64,25493504,1.6599988157395273e-05,35.8219776,35.8219776,1900544,13.413793103448276,0.0007116721551408,8.8080384,6291456.0,11.7440512,8388608.0,0.589824,327680.0,11.7440512,8388608.0,2.9360128,2097152.0,,,,,,,,,,,,,,,,,,,,10000000.0,,,,,,,,"4 ops: SKIP, CSKIP, INC, ADD",,358219776.0,35.8219776,integer only,repeated addition O(a*b),,,,,,,
CdTe (Turing Machine),cdte_turing,256,128,67436544,1.63999866344966e-05,94.5422336,94.5422336,2883584,23.38636363636364,0.000713295438791,35.2321536,25165824.0,23.4881024,16777216.0,0.589824,327680.0,23.4881024,16777216.0,11.7440512,8388608.0,,,,,,,,,,,,,,,,,,,,10000000.0,,,,,,,,"4 ops: SKIP, CSKIP, INC, ADD",,945422336.0,94.5422336,integer only,repeated addition O(a*b),,,,,,,
CdTe (Turing Machine),cdte_turing,256,256,201654272,2.559999848017469e-05,282.4470528,282.4470528,5242880,38.4625,0.0007139542438164,140.9286144,100663296.0,46.9762048,33554432.0,0.589824,327680.0,46.9762048,33554432.0,46.9762048,33554432.0,,,,,,,,,,,,,,,,,,,,10000000.0,,,,,,,,"4 ops: SKIP, CSKIP, INC, ADD",,2824470528.0,282.4470528,integer only,repeated addition O(a*b),,,,,,,
CdTe (Turing Machine),cdte_turing,512,64,85196800,1.7000013031065464e-05,119.799808,119.799808,5832704,14.606741573033707,0.0007111597374179,17.6160768,12582912.0,46.9762048,33554432.0,2.359296,1310720.0,46.9762048,33554432.0,5.8720256,4194304.0,,,,,,,,,,,,,,,,,,,,10000000.0,,,,,,,,"4 ops: SKIP, CSKIP, INC, ADD",,1197998080.0,119.799808,integer only,repeated addition O(a*b),,,,,,,
CdTe (Turing Machine),cdte_turing,512,128,202637312,1.6399993910454214e-05,284.2165248,284.2165248,7602176,26.655172413793103,0.0007129680870688,70.4643072,50331648.0,93.9524096,67108864.0,2.359296,1310720.0,93.9524096,67108864.0,23.4881024,16777216.0,,,,,,,,,,,,,,,,,,,,10000000.0,,,,,,,,"4 ops: SKIP, CSKIP, INC, ADD",,2842165248.0,284.2165248,integer only,repeated addition O(a*b),,,,,,,
CdTe (Turing Machine),cdte_turing,512,256,538181632,3.489999653538689e-05,753.9785727999999,753.9785727999999,11534336,46.65909090909091,0.0007137890271886,281.8572288,201326592.0,187.9048192,134217728.0,2.359296,1310720.0,187.9048192,134217728.0,93.9524096,67108864.0,,,,,,,,,,,,,,,,,,,,10000000.0,,,,,,,,"4 ops: SKIP, CSKIP, INC, ADD",,7539785728.0,753.9785728,integer only,repeated addition O(a*b),,,,,,,
CdTe (Turing Machine),cdte_turing,1024,64,307232768,3.940000897273421e-05,432.2230272,432.2230272,19988480,15.37049180327869,0.0007108199902959,35.2321536,25165824.0,187.9048192,134217728.0,9.437184,5242880.0,187.9048192,134217728.0,11.7440512,8388608.0,,,,,,,,,,,,,,,,,,,,10000000.0,,,,,,,,"4 ops: SKIP, CSKIP, INC, ADD",,4322230272.0,432.2230272,integer only,repeated addition O(a*b),,,,,,,
CdTe (Turing Machine),cdte_turing,1024,128,676331520,1.7499995010439306e-05,948.96128,948.96128,23330816,28.98876404494382,0.0007127071823204,140.9286144,100663296.0,375.8096384,268435456.0,9.437184,5242880.0,375.8096384,268435456.0,46.9762048,33554432.0,,,,,,,,,,,,,,,,,,,,10000000.0,,,,,,,,"4 ops: SKIP, CSKIP, INC, ADD",,9489612800.0,948.96128,integer only,repeated addition O(a*b),,,,,,,
CdTe (Turing Machine),cdte_turing,1024,256,1615855616,1.769999653333798e-05,2264.2950144,2264.2950144,30408704,53.13793103448276,0.0007136241548578,563.7144576,402653184.0,751.6192768,536870912.0,9.437184,5242880.0,751.6192768,536870912.0,187.9048192,134217728.0,,,,,,,,,,,,,,,,,,,,10000000.0,,,,,,,,"4 ops: SKIP, CSKIP, INC, ADD",,22642950144.0,2264.2950144,integer only,repeated addition O(a*b),,,,,,,
CdTe (Turing Machine),cdte_turing,2048,64,1161822208,1.7899998056236655e-05,1634.9396992,1634.9396992,73465856,15.814451382694024,0.0007106208311954,70.4643072,50331648.0,751.6192768,536870912.0,37.748736,20971520.0,751.6192768,536870912.0,23.4881024,16777216.0,,,,,,,,,,,,,,,,,,,,10000000.0,,,,,,,,"4 ops: SKIP, CSKIP, INC, ADD",,16349396992.0,1634.9396992,integer only,repeated addition O(a*b),,,,,,,
CdTe (Turing Machine),cdte_turing,2048,128,2436890624,4.1400009649805725e-05,3420.0354816,3420.0354816,79953920,30.478688524590165,0.0007125337257787,281.8572288,201326592.0,1503.2385536,1073741824.0,37.748736,20971520.0,1503.2385536,1073741824.0,93.9524096,67108864.0,,,,,,,,,,,,,,,,,,,,10000000.0,,,,,,,,"4 ops: SKIP, CSKIP, INC, ADD",,34200354816.0,3420.0354816,integer only,repeated addition O(a*b),,,,,,,
CdTe (Turing Machine),cdte_turing,2048,256,5389680640,2.089999907184392e-05,7553.941503999999,7553.941503999999,93323264,57.752808988764045,0.0007134925041643,1127.4289152,805306368.0,3006.4771072,2147483648.0,37.748736,20971520.0,3006.4771072,2147483648.0,375.8096384,268435456.0,,,,,,,,,,,,,,,,,,,,10000000.0,,,,,,,,"4 ops: SKIP, CSKIP, INC, ADD",,75539415040.0,7553.941504,integer only,repeated addition O(a*b),,,,,,,
Dataflow (Maxeler-style),dataflow,128,64,8470528,3.030000516446308e-05,3.7802e-05,3.7802e-05,720896,11.75,224.0761864451616,1.2448e-05,3145728.0,8.352e-06,2097152.0,8.33e-06,81920.0,4.416e-06,2097152.0,4.256e-06,1048576.0,,,,,,,,,,,,,,,,,,,,500000000.0,,,,,,,,,,,3.7802e-05,,,18901.0,4.0,"streaming pipeline, no instruction fetch",,,,
Dataflow (Maxeler-style),dataflow,128,128,25247744,0.0001408000025548,5.8762e-05,5.8762e-05,1310720,19.2625,429.6610734828631,2.4896e-05,12582912.0,8.512e-06,4194304.0,8.33e-06,81920.0,8.512e-06,4194304.0,8.512e-06,4194304.0,,,,,,,,,,,,,,,,,,,,500000000.0,,,,,,,,,,,5.8762e-05,,,29381.0,4.0,"streaming pipeline, no instruction fetch",,,,
Dataflow (Maxeler-style),dataflow,128,256,83968000,7.090000144671649e-05,0.000100682,0.000100682,2883584,29.119318181818183,833.9921733775651,4.9792e-05,50331648.0,8.832e-06,8388608.0,8.33e-06,81920.0,1.6704e-05,8388608.0,1.7024e-05,16777216.0,,,,,,,,,,,,,,,,,,,,500000000.0,,,,,,,,,,,0.000100682,,,50341.0,4.0,"streaming pipeline, no instruction fetch",,,,
Dataflow (Maxeler-style),dataflow,256,64,25493504,3.960001049563289e-05,0.000107882,0.000107882,1900544,13.413793103448276,236.30915259264748,2.4736e-05,6291456.0,3.2928e-05,8388608.0,3.3034e-05,327680.0,8.832e-06,8388608.0,8.352e-06,2097152.0,,,,,,,,,,,,,,,,,,,,500000000.0,,,,,,,,,,,0.000107882,,,53941.0,4.0,"streaming pipeline, no instruction fetch",,,,
Dataflow (Maxeler-style),dataflow,256,128,67436544,5.439999222289771e-05,0.000149322,0.000149322,2883584,23.38636363636364,451.6182746011974,4.9472e-05,25165824.0,3.3088e-05,16777216.0,3.3034e-05,327680.0,1.7024e-05,16777216.0,1.6704e-05,8388608.0,,,,,,,,,,,,,,,,,,,,500000000.0,,,,,,,,,,,0.000149322,,,74661.0,4.0,"streaming pipeline, no instruction fetch",,,,
Dataflow (Maxeler-style),dataflow,256,256,201654272,8.219999290304258e-05,0.000232202,0.000232202,5242880,38.4625,868.4433036752483,9.8944e-05,100663296.0,3.3408e-05,33554432.0,3.3034e-05,327680.0,3.3408e-05,33554432.0,3.3408e-05,33554432.0,,,,,,,,,,,,,,,,,,,,500000000.0,,,,,,,,,,,0.000232202,,,116101.0,4.0,"streaming pipeline, no instruction fetch",,,,
Dataflow (Maxeler-style),dataflow,512,64,85196800,5.82999928155914e-05,0.000346346,0.000346346,5832704,14.606741573033707,245.9875384730876,4.9312e-05,12582912.0,0.000131232,33554432.0,0.000131594,1310720.0,1.7664e-05,33554432.0,1.6544e-05,4194304.0,,,,,,,,,,,,,,,,,,,,500000000.0,,,,,,,,,,,0.000346346,,,173173.0,4.0,"streaming pipeline, no instruction fetch",,,,
Dataflow (Maxeler-style),dataflow,512,128,202637312,0.0001475999961257,0.000428746,0.000428746,7602176,26.655172413793103,472.6278775778666,9.8624e-05,50331648.0,0.000131392,67108864.0,0.000131594,1310720.0,3.4048e-05,67108864.0,3.3088e-05,16777216.0,,,,,,,,,,,,,,,,,,,,500000000.0,,,,,,,,,,,0.000428746,,,214373.0,4.0,"streaming pipeline, no instruction fetch",,,,
Dataflow (Maxeler-style),dataflow,512,256,538181632,9.979999595088884e-05,0.000593546,0.000593546,11534336,46.65909090909091,906.7227005152084,0.000197248,201326592.0,0.000131712,134217728.0,0.000131594,1310720.0,6.6816e-05,134217728.0,6.6176e-05,67108864.0,,,,,,,,,,,,,,,,,,,,500000000.0,,,,,,,,,,,0.000593546,,,296773.0,4.0,"streaming pipeline, no instruction fetch",,,,
Dataflow (Maxeler-style),dataflow,1024,64,307232768,9.780000982573256e-05,0.00121649,0.00121649,19988480,15.37049180327869,252.5567559125024,9.8464e-05,25165824.0,0.000524448,134217728.0,0.000525322,5242880.0,3.5328e-05,134217728.0,3.2928e-05,8388608.0,,,,,,,,,,,,,,,,,,,,500000000.0,,,,,,,,,,,0.00121649,,,608245.0,4.0,"streaming pipeline, no instruction fetch",,,,
Dataflow (Maxeler-style),dataflow,1024,128,676331520,0.0001065000105882,0.00138081,0.00138081,23330816,28.98876404494382,489.8078084602515,0.000196928,100663296.0,0.000524608,268435456.0,0.000525322,5242880.0,6.8096e-05,268435456.0,6.5856e-05,33554432.0,,,,,,,,,,,,,,,,,,,,500000000.0,,,,,,,,,,,0.00138081,,,690405.0,4.0,"streaming pipeline, no instruction fetch",,,,
Dataflow (Maxeler-style),dataflow,1024,256,1615855616,0.0001399000102537,0.00170945,0.00170945,30408704,53.13793103448276,945.2488320804936,0.000393856,402653184.0,0.000524928,536870912.0,0.000525322,5242880.0,0.000133632,536870912.0,0.000131712,134217728.0,,,,,,,,,,,,,,,,,,,,500000000.0,,,,,,,,,,,0.00170945,,,854725.0,4.0,"streaming pipeline, no instruction fetch",,,,
Dataflow (Maxeler-style),dataflow,2048,64,1161822208,0.0001625000077183,0.0045296419999999,0.0045296419999999,73465856,15.814451382694024,256.4931639189146,0.000196768,50331648.0,0.002097312,536870912.0,0.00209921,20971520.0,7.0656e-05,536870912.0,6.5696e-05,16777216.0,,,,,,,,,,,,,,,,,,,,500000000.0,,,,,,,,,,,0.004529642,,,2264821.0,4.0,"streaming pipeline, no instruction fetch",,,,
Dataflow (Maxeler-style),dataflow,2048,128,2436890624,0.0001764999906299,0.004857802,0.004857802,79953920,30.478688524590165,501.644699392853,0.000393536,201326592.0,0.002097472,1073741824.0,0.00209921,20971520.0,0.000136192,1073741824.0,0.000131392,67108864.0,,,,,,,,,,,,,,,,,,,,500000000.0,,,,,,,,,,,0.004857802,,,2428901.0,4.0,"streaming pipeline, no instruction fetch",,,,
Dataflow (Maxeler-style),dataflow,2048,256,5389680640,0.0002033000055234,0.005514122,0.005514122,93323264,57.752808988764045,977.4322439728392,0.000787072,805306368.0,0.002097792,2147483648.0,0.00209921,20971520.0,0.000267264,2147483648.0,0.000262784,268435456.0,,,,,,,,,,,,,,,,,,,,500000000.0,,,,,,,,,,,0.005514122,,,2757061.0,4.0,"streaming pipeline, no instruction fetch",,,,
