paradigm,paradigm_short,seq_len,embed_dim,total_flops,total_wall_time_s,total_effective_time_s,total_estimated_hw_time_s,total_memory_bytes,arithmetic_intensity,throughput_gflops,time_qkv_projection,flops_qkv_projection,time_qk_matmul,flops_qk_matmul,time_softmax,flops_softmax,time_av_matmul,flops_av_matmul,time_output_projection,flops_output_projection,info_execution_mode,info_cpu_model,info_peak_tflops_fp32,info_memory_bw_gb_s,info_cpu_count,info_numpy_version,info_gpu_model,info_total_instructions,info_total_estimated_cycles,info_isa,info_cycle_model,info_total_tm_operations,info_estimated_hw_time_s,info_clock_hz,info_arithmetic,info_multiply_method,info_total_effective_cycles,info_parallel_pipes,info_execution_model,info_array_size,info_total_systolic_cycles,info_peak_ops_per_cycle,info_vector_width,info_mesh_size,info_dac_rate_hz,info_oeo_latency_s,info_reaction_rate_hz,info_well_size,info_computation_model,info_displacement_time_s,info_cascade_depth,info_max_parallelism,info_gate_time_s,info_qubit_count,info_parallel_multiplies,info_precision_bits,info_gate_set,info_num_nodes,info_mcu_clock_hz,info_wireless_bps,info_protocol,info_processor,info_sram_bytes,info_dsp_mac
CPU (Control Flow),cpu,128,64,8470528,0.0008061000025918474,0.0008061000025918474,1.9398656e-05,720896,11.75,10.508036190007163,0.00022290000015345868,3145728,0.00014770000052521937,2097152,0.00020910000057483558,81920,0.000133700001242687,2097152,9.270000009564683e-05,1048576,real_cpu,Intel i7 AVX2 (estimated),0.5,50.0,4.0,2.0.2,,,,,,,,,,,,,,,,,,,,,,,,,,,,,,,,,,,,,,
CPU (Control Flow),cpu,128,128,25247744,0.0012700999977823813,0.0012700999977823813,5.2953088e-05,1310720,19.2625,19.878548180523612,0.0004932000010740012,12582912,0.0002195999986724928,4194304,0.00021070000002509914,81920,0.00016849999883561395,4194304,0.00017809999917517416,4194304,real_cpu,Intel i7 AVX2 (estimated),0.5,50.0,4.0,2.0.2,,,,,,,,,,,,,,,,,,,,,,,,,,,,,,,,,,,,,,
CPU (Control Flow),cpu,128,256,83968000,0.002354700001887977,0.002354700001887977,0.0001703936,2883584,29.119318181818183,35.65974431251337,0.0011787000003096182,50331648,0.0002901999996538507,8388608,0.00024389999998675194,81920,0.0002410000015515834,8388608,0.0004009000003861729,16777216,real_cpu,Intel i7 AVX2 (estimated),0.5,50.0,4.0,2.0.2,,,,,,,,,,,,,,,,,,,,,,,,,,,,,,,,,,,,,,
CPU (Control Flow),cpu,256,64,25493504,0.00202999999964959,0.00202999999964959,6.0817408e-05,1900544,13.413793103448276,12.558376356847578,0.00044329999946057796,6291456,0.0003612000000430271,8388608,0.0007423999995808117,327680,0.00031859999944572337,8388608,0.00016450000111944973,2097152,real_cpu,Intel i7 AVX2 (estimated),0.5,50.0,4.0,2.0.2,,,,,,,,,,,,,,,,,,,,,,,,,,,,,,,,,,,,,,
CPU (Control Flow),cpu,256,128,67436544,0.0027735000003303867,0.0027735000003303867,0.000144703488,2883584,23.386363636363637,24.314600321603308,0.0007541000013588928,25165824,0.000540700000783545,16777216,0.000756800000090152,327680,0.0004656999990402255,16777216,0.0002561999990575714,8388608,real_cpu,Intel i7 AVX2 (estimated),0.5,50.0,4.0,2.0.2,,,,,,,,,,,,,,,,,,,,,,,,,,,,,,,,,,,,,,
CPU (Control Flow),cpu,256,256,201654272,0.005182199998671422,0.005182199998671422,0.000413138944,5242880,38.4625,38.91286944766678,0.0021154999994905666,100663296,0.0008101000003080117,33554432,0.0008232000000134576,327680,0.0007342999997490551,33554432,0.0006990999991103308,33554432,real_cpu,Intel i7 AVX2 (estimated),0.5,50.0,4.0,2.0.2,,,,,,,,,,,,,,,,,,,,,,,,,,,,,,,,,,,,,,
CPU (Control Flow),cpu,512,64,85196800,0.016306599998642923,0.016306599998642923,0.0002097152,5832704,14.606741573033707,5.2246820310236535,0.0005886999988433672,12582912,0.0026770000004034955,33554432,0.008479599999191123,1310720,0.004005300001153955,33554432,0.0005559999990509823,4194304,real_cpu,Intel i7 AVX2 (estimated),0.5,50.0,4.0,2.0.2,,,,,,,,,,,,,,,,,,,,,,,,,,,,,,,,,,,,,,
CPU (Control Flow),cpu,512,128,202637312,0.015346000000135973,0.015346000000135973,0.000444596224,7602176,26.655172413793103,13.204568747439367,0.0014554999997926643,50331648,0.0032869999995455146,67108864,0.007812900001226808,1310720,0.002243099999759579,67108864,0.0005474999998114072,16777216,real_cpu,Intel i7 AVX2 (estimated),0.5,50.0,4.0,2.0.2,,,,,,,,,,,,,,,,,,,,,,,,,,,,,,,,,,,,,,
CPU (Control Flow),cpu,512,256,538181632,0.02634319999742729,0.02634319999742729,0.001115684864,11534336,46.65909090909091,20.42962252317712,0.007838100000299164,201326592,0.004471099999136641,134217728,0.009141499998804647,1310720,0.0030446000000665663,134217728,0.0018478999991202727,67108864,real_cpu,Intel i7 AVX2 (estimated),0.5,50.0,4.0,2.0.2,,,,,,,,,,,,,,,,,,,,,,,,,,,,,,,,,,,,,,
CPU (Control Flow),cpu,1024,64,307232768,0.05377220000082161,0.05377220000082161,0.0007717519359999999,19988480,15.37049180327869,5.713598625224662,0.001110700000936049,25165824,0.017043899999407586,134217728,0.029497000001356355,5242880,0.005735999999160413,134217728,0.0003845999999612104,8388608,real_cpu,Intel i7 AVX2 (estimated),0.5,50.0,4.0,2.0.2,,,,,,,,,,,,,,,,,,,,,,,,,,,,,,,,,,,,,,
CPU (Control Flow),cpu,1024,128,676331520,0.09127650000118592,0.09127650000118592,0.00150994944,23330816,28.98876404494382,7.409700415673395,0.007774400000926107,100663296,0.024098600000797887,268435456,0.03899239999918791,5242880,0.0185698000004777,268435456,0.0018412999997963198,33554432,real_cpu,Intel i7 AVX2 (estimated),0.5,50.0,4.0,2.0.2,,,,,,,,,,,,,,,,,,,,,,,,,,,,,,,,,,,,,,
CPU (Control Flow),cpu,1024,256,1615855616,0.08352759999979753,0.08352759999979753,0.003388997632,30408704,53.13793103448276,19.34516993190175,0.014728100000866107,402653184,0.025662000000011176,536870912,0.02297259999977541,5242880,0.0167911999997159,536870912,0.0033736999994289363,134217728,real_cpu,Intel i7 AVX2 (estimated),0.5,50.0,4.0,2.0.2,,,,,,,,,,,,,,,,,,,,,,,,,,,,,,,,,,,,,,
CPU (Control Flow),cpu,2048,64,1161822208,0.19633669999893755,0.19633669999893755,0.0029527900159999998,73465856,15.814451382694024,5.917498908794368,0.0033124000001407694,50331648,0.055753000000549946,536870912,0.10526149999896006,20971520,0.029765900000711554,536870912,0.002243899998575216,16777216,real_cpu,Intel i7 AVX2 (estimated),0.5,50.0,4.0,2.0.2,,,,,,,,,,,,,,,,,,,,,,,,,,,,,,,,,,,,,,
CPU (Control Flow),cpu,2048,128,2436890624,0.246175399999629,0.246175399999629,0.005502926848,79953920,30.478688524590165,9.899001378706696,0.013716399998884299,201326592,0.07037570000102278,1073741824,0.10302760000013222,20971520,0.05627549999917392,1073741824,0.002780200000415789,67108864,real_cpu,Intel i7 AVX2 (estimated),0.5,50.0,4.0,2.0.2,,,,,,,,,,,,,,,,,,,,,,,,,,,,,,,,,,,,,,
CPU (Control Flow),cpu,2048,256,5389680640,0.29719440000008035,0.29719440000008035,0.01140850688,93323264,57.752808988764045,18.13520254755319,0.028616099998544087,805306368,0.09454849999929138,2147483648,0.10128579999945941,20971520,0.06578150000132155,2147483648,0.006962500001463923,268435456,real_cpu,Intel i7 AVX2 (estimated),0.5,50.0,4.0,2.0.2,,,,,,,,,,,,,,,,,,,,,,,,,,,,,,,,,,,,,,
GPU (Control Flow),gpu,128,64,8470528,0.000768600000810693,5.22528e-05,5.22528e-05,720896,11.75,162.10668136444363,1.0768000000000001e-05,3145728,1.0409600000000001e-05,2097152,1.0409600000000001e-05,81920,1.0409600000000001e-05,2097152,1.0256000000000001e-05,1048576,roofline_simulation,,8.1,320.0,,,NVIDIA T4 (estimated),,,,,,,,,,,,,,,,,,,,,,,,,,,,,,,,,,,,,
GPU (Control Flow),gpu,128,128,25247744,0.0012330999998084735,5.4096000000000005e-05,5.4096000000000005e-05,1310720,19.2625,466.7210884353741,1.18432e-05,12582912,1.0614400000000001e-05,4194304,1.0409600000000001e-05,81920,1.0614400000000001e-05,4194304,1.0614400000000001e-05,4194304,roofline_simulation,,8.1,320.0,,,NVIDIA T4 (estimated),,,,,,,,,,,,,,,,,,,,,,,,,,,,,,,,,,,,,
GPU (Control Flow),gpu,128,256,83968000,0.002277099998536869,6.076590617283951e-05,6.076590617283951e-05,2883584,29.119318181818183,1381.827496510389,1.6213783703703704e-05,50331648,1.1035630617283951e-05,8388608,1.0409600000000001e-05,81920,1.1035630617283951e-05,8388608,1.2071261234567901e-05,16777216,roofline_simulation,,8.1,320.0,,,NVIDIA T4 (estimated),,,,,,,,,,,,,,,,,,,,,,,,,,,,,,,,,,,,,
GPU (Control Flow),gpu,256,64,25493504,0.001955699999598437,5.59392e-05,5.59392e-05,1900544,13.413793103448276,455.7359418797551,1.1382400000000001e-05,6291456,1.12288e-05,8388608,1.16384e-05,327680,1.12288e-05,8388608,1.0460800000000002e-05,2097152,roofline_simulation,,8.1,320.0,,,NVIDIA T4 (estimated),,,,,,,,,,,,,,,,,,,,,,,,,,,,,,,,,,,,,
GPU (Control Flow),gpu,256,128,67436544,0.0026676999987103045,5.9923444938271606e-05,5.9923444938271606e-05,2883584,23.386363636363637,1125.3782900744072,1.3106891851851853e-05,25165824,1.2071261234567901e-05,16777216,1.16384e-05,327680,1.2071261234567901e-05,16777216,1.1035630617283951e-05,8388608,roofline_simulation,,8.1,320.0,,,NVIDIA T4 (estimated),,,,,,,,,,,,,,,,,,,,,,,,,,,,,,,,,,,,,
GPU (Control Flow),gpu,256,256,201654272,0.007283199998710188,7.649353481481482e-05,7.649353481481482e-05,5242880,38.4625,2636.2263489089637,2.242756740740741e-05,100663296,1.4142522469135804e-05,33554432,1.16384e-05,327680,1.4142522469135804e-05,33554432,1.4142522469135804e-05,33554432,roofline_simulation,,8.1,320.0,,,NVIDIA T4 (estimated),,,,,,,,,,,,,,,,,,,,,,,,,,,,,,,,,,,,,
GPU (Control Flow),gpu,512,64,85196800,0.01570960000026389,6.83202449382716e-05,6.83202449382716e-05,5832704,14.606741573033707,1247.0212903507097,1.26112e-05,12582912,1.4142522469135804e-05,33554432,1.65536e-05,1310720,1.4142522469135804e-05,33554432,1.08704e-05,4194304,roofline_simulation,,8.1,320.0,,,NVIDIA T4 (estimated),,,,,,,,,,,,,,,,,,,,,,,,,,,,,,,,,,,,,
GPU (Control Flow),gpu,512,128,202637312,0.016623200001049554,8.140873481481482e-05,8.140873481481482e-05,7602176,26.655172413793103,2489.1347649727127,1.6213783703703704e-05,50331648,1.8285044938271605e-05,67108864,1.65536e-05,1310720,1.8285044938271605e-05,67108864,1.2071261234567901e-05,16777216,roofline_simulation,,8.1,320.0,,,NVIDIA T4 (estimated),,,,,,,,,,,,,,,,,,,,,,,,,,,,,,,,,,,,,
GPU (Control Flow),gpu,512,256,538181632,0.023840699999709614,0.00012283395950617285,0.00012283395950617285,11534336,46.65909090909091,4381.374940314892,3.485513481481481e-05,201326592,2.657008987654321e-05,134217728,1.65536e-05,1310720,2.657008987654321e-05,134217728,1.8285044938271605e-05,67108864,roofline_simulation,,8.1,320.0,,,NVIDIA T4 (estimated),,,,,,,,,,,,,,,,,,,,,,,,,,,,,,,,,,,,,
GPU (Control Flow),gpu,1024,64,307232768,0.0474608000004082,0.00011611297975308643,0.00011611297975308643,19988480,15.37049180327869,2645.9812559571606,1.50688e-05,25165824,2.657008987654321e-05,134217728,3.6214400000000003e-05,5242880,2.657008987654321e-05,134217728,1.16896e-05,8388608,roofline_simulation,,8.1,320.0,,,NVIDIA T4 (estimated),,,,,,,,,,,,,,,,,,,,,,,,,,,,,,,,,,,,,
GPU (Control Flow),gpu,1024,128,676331520,0.06373899999925925,0.00015906484938271604,0.00015906484938271604,23330816,28.98876404494382,4251.923178657284,2.242756740740741e-05,100663296,4.3140179753086416e-05,268435456,3.6214400000000003e-05,5242880,4.3140179753086416e-05,268435456,1.4142522469135804e-05,33554432,roofline_simulation,,8.1,320.0,,,NVIDIA T4 (estimated),,,,,,,,,,,,,,,,,,,,,,,,,,,,,,,,,,,,,
GPU (Control Flow),gpu,1024,256,1615855616,0.08481899999969755,0.0002750554785185185,0.0002750554785185185,30408704,53.13793103448276,5874.65345065363,5.971026962962963e-05,402653184,7.628035950617283e-05,536870912,3.6214400000000003e-05,5242880,7.628035950617283e-05,536870912,2.657008987654321e-05,134217728,roofline_simulation,,8.1,320.0,,,NVIDIA T4 (estimated),,,,,,,,,,,,,,,,,,,,,,,,,,,,,,,,,,,,,
GPU (Control Flow),gpu,2048,64,1161822208,0.20508189999964088,0.00030073031901234565,0.00030073031901234565,73465856,15.814451382694024,3863.3358013772618,1.9984e-05,50331648,7.628035950617283e-05,536870912,0.0001148576,20971520,7.628035950617283e-05,536870912,1.3328000000000002e-05,16777216,roofline_simulation,,8.1,320.0,,,NVIDIA T4 (estimated),,,,,,,,,,,,,,,,,,,,,,,,,,,,,,,,,,,,,
GPU (Control Flow),gpu,2048,128,2436890624,0.24329339999894728,0.00045311921777777773,0.00045311921777777773,79953920,30.478688524590165,5378.034142871245,3.485513481481481e-05,201326592,0.00014256071901234567,1073741824,0.0001148576,20971520,0.00014256071901234567,1073741824,1.8285044938271605e-05,67108864,roofline_simulation,,8.1,320.0,,,NVIDIA T4 (estimated),,,,,,,,,,,,,,,,,,,,,,,,,,,,,,,,,,,,,
GPU (Control Flow),gpu,2048,256,5389680640,0.33617860000049404,0.0008176611950617284,0.0008176611950617284,93323264,57.752808988764045,6591.58178540332,0.00010942053925925926,805306368,0.00027512143802469136,2147483648,0.0001148576,20971520,0.00027512143802469136,2147483648,4.3140179753086416e-05,268435456,roofline_simulation,,8.1,320.0,,,NVIDIA T4 (estimated),,,,,,,,,,,,,,,,,,,,,,,,,,,,,,,,,,,,,
GaAs (RISC-V),gaas_riscv,128,64,8470528,0.0007982999977684813,0.055455750000000005,0.055455750000000005,720896,11.75,0.15274390843149716,0.020545539,3145728,0.013697025,2097152,0.000700416,81920,0.013664257,2097152,0.006848513,1048576,,,,,,,,17119238.0,55455750.0,RISC-V RV32I subset (10 instructions),"1 ALU, 3 MUL, 4 LW, 10 FDIV",,,,,,,,,,,,,,,,,,,,,,,,,,,,,,,,,
GaAs (RISC-V),gaas_riscv,128,128,25247744,0.0004462000015337253,0.164671494,0.164671494,1310720,19.2625,0.15332188581467537,0.081985539,12582912,0.027328513,4194304,0.000700416,81920,0.027328513,4194304,0.027328513,4194304,,,,,,,,50755590.0,164671494.0,RISC-V RV32I subset (10 instructions),"1 ALU, 3 MUL, 4 LW, 10 FDIV",,,,,,,,,,,,,,,,,,,,,,,,,,,,,,,,,
GaAs (RISC-V),gaas_riscv,128,256,83968000,0.0010480000000825385,0.546680838,0.546680838,2883584,29.119318181818183,0.15359601830419378,0.327548931,50331648,0.054591489,8388608,0.000700416,81920,0.054657025,8388608,0.109182977,16777216,,,,,,,,168359942.0,546680838.0,RISC-V RV32I subset (10 instructions),"1 ALU, 3 MUL, 4 LW, 10 FDIV",,,,,,,,,,,,,,,,,,,,,,,,,,,,,,,,,
GaAs (RISC-V),gaas_riscv,256,64,25493504,0.000446400003056624,0.16696935,0.16696935,1900544,13.413793103448276,0.15268373506874167,0.041091075,6291456,0.054788097,8388608,0.002801664,327680,0.054591489,8388608,0.013697025,2097152,,,,,,,,51535878.0,166969350.0,RISC-V RV32I subset (10 instructions),"1 ALU, 3 MUL, 4 LW, 10 FDIV",,,,,,,,,,,,,,,,,,,,,,,,,,,,,,,,,
GaAs (RISC-V),gaas_riscv,256,128,67436544,0.0004434000002220273,0.43992679,0.43992679,2883584,23.386363636363637,0.1532903781558745,0.163971075,25165824,0.109314049,16777216,0.002801664,327680,0.109182977,16777216,0.054657025,8388608,,,,,,,,135585798.0,439926790.0,RISC-V RV32I subset (10 instructions),"1 ALU, 3 MUL, 4 LW, 10 FDIV",,,,,,,,,,,,,,,,,,,,,,,,,,,,,,,,,
GaAs (RISC-V),gaas_riscv,256,256,201654272,0.0004459000028873561,1.312997382,1.312997382,5242880,38.4625,0.1535831485763008,0.655097859,100663296,0.218365953,33554432,0.002801664,327680,0.218365953,33554432,0.218365953,33554432,,,,,,,,404348934.0,1312997382.0,RISC-V RV32I subset (10 instructions),"1 ALU, 3 MUL, 4 LW, 10 FDIV",,,,,,,,,,,,,,,,,,,,,,,,,,,,,,,,,
GaAs (RISC-V),gaas_riscv,512,64,85196800,0.00044580000030691735,0.558170118,0.558170118,5832704,14.606741573033707,0.1526359030205196,0.082182147,12582912,0.219152385,33554432,0.011206656,1310720,0.218234881,33554432,0.027394049,4194304,,,,,,,,172261382.0,558170118.0,RISC-V RV32I subset (10 instructions),"1 ALU, 3 MUL, 4 LW, 10 FDIV",,,,,,,,,,,,,,,,,,,,,,,,,,,,,,,,,
GaAs (RISC-V),gaas_riscv,512,128,202637312,0.0006794999972044025,1.322188806,1.322188806,7602176,26.655172413793103,0.15325898319547565,0.327942147,50331648,0.437256193,67108864,0.011206656,1310720,0.436469761,67108864,0.109314049,16777216,,,,,,,,407470086.0,1322188806.0,RISC-V RV32I subset (10 instructions),"1 ALU, 3 MUL, 4 LW, 10 FDIV",,,,,,,,,,,,,,,,,,,,,,,,,,,,,,,,,
GaAs (RISC-V),gaas_riscv,512,256,538181632,0.00044689999958791304,3.504537606,3.504537606,11534336,46.65909090909091,0.1535670871611129,1.310195715,201326592,0.873463809,134217728,0.011206656,1310720,0.872939521,134217728,0.436731905,67108864,,,,,,,,1079214086.0,3504537606.0,RISC-V RV32I subset (10 instructions),"1 ALU, 3 MUL, 4 LW, 10 FDIV",,,,,,,,,,,,,,,,,,,,,,,,,,,,,,,,,
GaAs (RISC-V),gaas_riscv,1024,64,307232768,0.0006568000007973751,2.013265926,2.013265926,19988480,15.37049180327869,0.1526041662118708,0.164364291,25165824,0.876609537,134217728,0.044826624,5242880,0.872677377,134217728,0.054788097,8388608,,,,,,,,621281286.0,2013265926.0,RISC-V RV32I subset (10 instructions),"1 ALU, 3 MUL, 4 LW, 10 FDIV",,,,,,,,,,,,,,,,,,,,,,,,,,,,,,,,,
GaAs (RISC-V),gaas_riscv,1024,128,676331520,0.0005921000010857824,4.413718534,4.413718534,23330816,28.98876404494382,0.15323394883249705,0.655884291,100663296,1.749024769,268435456,0.044826624,5242880,1.745354753,268435456,0.218628097,33554432,,,,,,,,1360134150.0,4413718534.0,RISC-V RV32I subset (10 instructions),"1 ALU, 3 MUL, 4 LW, 10 FDIV",,,,,,,,,,,,,,,,,,,,,,,,,,,,,,,,,
GaAs (RISC-V),gaas_riscv,1024,256,1615855616,0.0005081000017526094,10.523246598,10.523246598,30408704,53.13793103448276,0.1535510548909024,2.620391427,402653184,3.493855233,536870912,0.044826624,5242880,3.490709505,536870912,0.873463809,134217728,,,,,,,,3240493062.0,10523246598.0,RISC-V RV32I subset (10 instructions),"1 ALU, 3 MUL, 4 LW, 10 FDIV",,,,,,,,,,,,,,,,,,,,,,,,,,,,,,,,,
GaAs (RISC-V),gaas_riscv,2048,64,1161822208,0.0004455999987840187,7.61423463,7.61423463,73465856,15.814451382694024,0.15258555382867153,0.328728579,50331648,3.506438145,536870912,0.179306496,20971520,3.490185217,536870912,0.109576193,16777216,,,,,,,,2349596678.0,7614234630.0,RISC-V RV32I subset (10 instructions),"1 ALU, 3 MUL, 4 LW, 10 FDIV",,,,,,,,,,,,,,,,,,,,,,,,,,,,,,,,,
GaAs (RISC-V),gaas_riscv,2048,128,2436890624,0.00043539999933273066,15.904800774,15.904800774,79953920,30.478688524590165,0.15321729952025867,1.311768579,201326592,6.996099073,1073741824,0.179306496,20971520,6.980370433,1073741824,0.437256193,67108864,,,,,,,,4901044230.0,15904800774.0,RISC-V RV32I subset (10 instructions),"1 ALU, 3 MUL, 4 LW, 10 FDIV",,,,,,,,,,,,,,,,,,,,,,,,,,,,,,,,,
GaAs (RISC-V),gaas_riscv,2048,256,5389680640,0.0004296000006434042,35.103178758,35.103178758,93323264,57.752808988764045,0.15353825011564498,5.240782851,805306368,13.975420929,2147483648,0.179306496,20971520,13.960740865,2147483648,1.746927617,268435456,,,,,,,,10809245702.0,35103178758.0,RISC-V RV32I subset (10 instructions),"1 ALU, 3 MUL, 4 LW, 10 FDIV",,,,,,,,,,,,,,,,,,,,,,,,,,,,,,,,,
CdTe (Turing Machine),cdte_turing,128,64,8470528,1.85999961104244e-05,11.8915072,11.8915072,720896,11.75,0.0007123174428217139,4.4040192,3145728,2.9360128,2097152,0.147456,81920,2.9360128,2097152,1.4680064,1048576,,,,,,,,,,"4 ops: SKIP, CSKIP, INC, ADD",,118915072.0,11.8915072,10000000.0,integer only,repeated addition O(a*b),,,,,,,,,,,,,,,,,,,,,,,,,,,,
CdTe (Turing Machine),cdte_turing,128,128,25247744,3.370000013092067e-05,35.379609599999995,35.379609599999995,1310720,19.2625,0.0007136241548578309,17.6160768,12582912,5.8720256,4194304,0.147456,81920,5.8720256,4194304,5.8720256,4194304,,,,,,,,,,"4 ops: SKIP, CSKIP, INC, ADD",,353796096.0,35.3796096,10000000.0,integer only,repeated addition O(a*b),,,,,,,,,,,,,,,,,,,,,,,,,,,,
CdTe (Turing Machine),cdte_turing,128,256,83968000,1.5999996321625076e-05,117.58796799999999,117.58796799999999,2883584,29.119318181818183,0.0007140866657377736,70.4643072,50331648,11.7440512,8388608,0.147456,81920,11.7440512,8388608,23.4881024,16777216,,,,,,,,,,"4 ops: SKIP, CSKIP, INC, ADD",,1175879680.0,117.587968,10000000.0,integer only,repeated addition O(a*b),,,,,,,,,,,,,,,,,,,,,,,,,,,,
CdTe (Turing Machine),cdte_turing,256,64,25493504,1.6499998309882358e-05,35.8219776,35.8219776,1900544,13.413793103448276,0.000711672155140871,8.8080384,6291456,11.7440512,8388608,0.589824,327680,11.7440512,8388608,2.9360128,2097152,,,,,,,,,,"4 ops: SKIP, CSKIP, INC, ADD",,358219776.0,35.8219776,10000000.0,integer only,repeated addition O(a*b),,,,,,,,,,,,,,,,,,,,,,,,,,,,
CdTe (Turing Machine),cdte_turing,256,128,67436544,1.579999843670521e-05,94.54223359999999,94.54223359999999,2883584,23.386363636363637,0.0007132954387910718,35.2321536,25165824,23.4881024,16777216,0.589824,327680,23.4881024,16777216,11.7440512,8388608,,,,,,,,,,"4 ops: SKIP, CSKIP, INC, ADD",,945422336.0,94.5422336,10000000.0,integer only,repeated addition O(a*b),,,,,,,,,,,,,,,,,,,,,,,,,,,,
CdTe (Turing Machine),cdte_turing,256,256,201654272,3.809999907389283e-05,282.4470528,282.4470528,5242880,38.4625,0.0007139542438164185,140.9286144,100663296,46.9762048,33554432,0.589824,327680,46.9762048,33554432,46.9762048,33554432,,,,,,,,,,"4 ops: SKIP, CSKIP, INC, ADD",,2824470528.0,282.4470528,10000000.0,integer only,repeated addition O(a*b),,,,,,,,,,,,,,,,,,,,,,,,,,,,
CdTe (Turing Machine),cdte_turing,512,64,85196800,3.290000131528359e-05,119.799808,119.799808,5832704,14.606741573033707,0.0007111597374179431,17.6160768,12582912,46.9762048,33554432,2.359296,1310720,46.9762048,33554432,5.8720256,4194304,,,,,,,,,,"4 ops: SKIP, CSKIP, INC, ADD",,1197998080.0,119.799808,10000000.0,integer only,repeated addition O(a*b),,,,,,,,,,,,,,,,,,,,,,,,,,,,
CdTe (Turing Machine),cdte_turing,512,128,202637312,1.6200001482502557e-05,284.2165248,284.2165248,7602176,26.655172413793103,0.0007129680870688065,70.4643072,50331648,93.9524096,67108864,2.359296,1310720,93.9524096,67108864,23.4881024,16777216,,,,,,,,,,"4 ops: SKIP, CSKIP, INC, ADD",,2842165248.0,284.2165248,10000000.0,integer only,repeated addition O(a*b),,,,,,,,,,,,,,,,,,,,,,,,,,,,
CdTe (Turing Machine),cdte_turing,512,256,538181632,1.6599999071331695e-05,753.9785727999999,753.9785727999999,11534336,46.65909090909091,0.0007137890271886518,281.8572288,201326592,187.9048192,134217728,2.359296,1310720,187.9048192,134217728,93.9524096,67108864,,,,,,,,,,"4 ops: SKIP, CSKIP, INC, ADD",,7539785728.0,753.9785728,10000000.0,integer only,repeated addition O(a*b),,,,,,,,,,,,,,,,,,,,,,,,,,,,
CdTe (Turing Machine),cdte_turing,1024,64,307232768,3.179999657731969e-05,432.2230272,432.2230272,19988480,15.37049180327869,0.0007108199902959728,35.2321536,25165824,187.9048192,134217728,9.437184,5242880,187.9048192,134217728,11.7440512,8388608,,,,,,,,,,"4 ops: SKIP, CSKIP, INC, ADD",,4322230272.0,432.2230272,10000000.0,integer only,repeated addition O(a*b),,,,,,,,,,,,,,,,,,,,,,,,,,,,
CdTe (Turing Machine),cdte_turing,1024,128,676331520,4.059999992023222e-05,948.96128,948.96128,23330816,28.98876404494382,0.0007127071823204421,140.9286144,100663296,375.8096384,268435456,9.437184,5242880,375.8096384,268435456,46.9762048,33554432,,,,,,,,,,"4 ops: SKIP, CSKIP, INC, ADD",,9489612800.0,948.96128,10000000.0,integer only,repeated addition O(a*b),,,,,,,,,,,,,,,,,,,,,,,,,,,,
CdTe (Turing Machine),cdte_turing,1024,256,1615855616,4.3999998524668626e-05,2264.2950143999997,2264.2950143999997,30408704,53.13793103448276,0.0007136241548578309,563.7144576,402653184,751.6192768,536870912,9.437184,5242880,751.6192768,536870912,187.9048192,134217728,,,,,,,,,,"4 ops: SKIP, CSKIP, INC, ADD",,22642950144.0,2264.2950144,10000000.0,integer only,repeated addition O(a*b),,,,,,,,,,,,,,,,,,,,,,,,,,,,
CdTe (Turing Machine),cdte_turing,2048,64,1161822208,1.9899996914318763e-05,1634.9396992,1634.9396992,73465856,15.814451382694024,0.0007106208311954849,70.4643072,50331648,751.6192768,536870912,37.748736,20971520,751.6192768,536870912,23.4881024,16777216,,,,,,,,,,"4 ops: SKIP, CSKIP, INC, ADD",,16349396992.0,1634.9396992,10000000.0,integer only,repeated addition O(a*b),,,,,,,,,,,,,,,,,,,,,,,,,,,,
CdTe (Turing Machine),cdte_turing,2048,128,2436890624,3.7900001188972965e-05,3420.0354816,3420.0354816,79953920,30.478688524590165,0.0007125337257787589,281.8572288,201326592,1503.2385536,1073741824,37.748736,20971520,1503.2385536,1073741824,93.9524096,67108864,,,,,,,,,,"4 ops: SKIP, CSKIP, INC, ADD",,34200354816.0,3420.0354816,10000000.0,integer only,repeated addition O(a*b),,,,,,,,,,,,,,,,,,,,,,,,,,,,
CdTe (Turing Machine),cdte_turing,2048,256,5389680640,3.8800000766059384e-05,7553.941503999999,7553.941503999999,93323264,57.752808988764045,0.0007134925041643532,1127.4289152,805306368,3006.4771072,2147483648,37.748736,20971520,3006.4771072,2147483648,375.8096384,268435456,,,,,,,,,,"4 ops: SKIP, CSKIP, INC, ADD",,75539415040.0,7553.941504,10000000.0,integer only,repeated addition O(a*b),,,,,,,,,,,,,,,,,,,,,,,,,,,,
Dataflow (Maxeler-style),dataflow,128,64,8470528,9.469999713473953e-05,3.7802e-05,3.7802e-05,720896,11.75,224.07618644516162,1.2448e-05,3145728,8.352e-06,2097152,8.33e-06,81920,4.416e-06,2097152,4.256e-06,1048576,,,,,,,,,,,,,3.7802e-05,500000000.0,,,18901.0,4.0,"streaming pipeline, no instruction fetch",,,,,,,,,,,,,,,,,,,,,,,,,
Dataflow (Maxeler-style),dataflow,128,128,25247744,4.549999903247226e-05,5.8762000000000004e-05,5.8762000000000004e-05,1310720,19.2625,429.66107348286306,2.4896e-05,12582912,8.512e-06,4194304,8.33e-06,81920,8.512e-06,4194304,8.512e-06,4194304,,,,,,,,,,,,,5.8762e-05,500000000.0,,,29381.0,4.0,"streaming pipeline, no instruction fetch",,,,,,,,,,,,,,,,,,,,,,,,,
Dataflow (Maxeler-style),dataflow,128,256,83968000,7.359999653999694e-05,0.000100682,0.000100682,2883584,29.119318181818183,833.9921733775651,4.9792e-05,50331648,8.832e-06,8388608,8.33e-06,81920,1.6704e-05,8388608,1.7024e-05,16777216,,,,,,,,,,,,,0.000100682,500000000.0,,,50341.0,4.0,"streaming pipeline, no instruction fetch",,,,,,,,,,,,,,,,,,,,,,,,,
Dataflow (Maxeler-style),dataflow,256,64,25493504,0.00014659999942523427,0.00010788200000000001,0.00010788200000000001,1900544,13.413793103448276,236.30915259264748,2.4736e-05,6291456,3.2928e-05,8388608,3.3034e-05,327680,8.832e-06,8388608,8.352e-06,2097152,,,,,,,,,,,,,0.000107882,500000000.0,,,53941.0,4.0,"streaming pipeline, no instruction fetch",,,,,,,,,,,,,,,,,,,,,,,,,
Dataflow (Maxeler-style),dataflow,256,128,67436544,0.00017860000116343144,0.00014932200000000002,0.00014932200000000002,2883584,23.386363636363637,451.6182746011974,4.9472e-05,25165824,3.3088e-05,16777216,3.3034e-05,327680,1.7024e-05,16777216,1.6704e-05,8388608,,,,,,,,,,,,,0.000149322,500000000.0,,,74661.0,4.0,"streaming pipeline, no instruction fetch",,,,,,,,,,,,,,,,,,,,,,,,,
Dataflow (Maxeler-style),dataflow,256,256,201654272,8.019999950192869e-05,0.000232202,0.000232202,5242880,38.4625,868.4433036752483,9.8944e-05,100663296,3.3408e-05,33554432,3.3034e-05,327680,3.3408e-05,33554432,3.3408e-05,33554432,,,,,,,,,,,,,0.000232202,500000000.0,,,116101.0,4.0,"streaming pipeline, no instruction fetch",,,,,,,,,,,,,,,,,,,,,,,,,
Dataflow (Maxeler-style),dataflow,512,64,85196800,5.720000081055332e-05,0.000346346,0.000346346,5832704,14.606741573033707,245.98753847308762,4.9312e-05,12582912,0.000131232,33554432,0.000131594,1310720,1.7664e-05,33554432,1.6544e-05,4194304,,,,,,,,,,,,,0.000346346,500000000.0,,,173173.0,4.0,"streaming pipeline, no instruction fetch",,,,,,,,,,,,,,,,,,,,,,,,,
Dataflow (Maxeler-style),dataflow,512,128,202637312,0.00014939999709895346,0.000428746,0.000428746,7602176,26.655172413793103,472.6278775778666,9.8624e-05,50331648,0.000131392,67108864,0.000131594,1310720,3.4048e-05,67108864,3.3088e-05,16777216,,,,,,,,,,,,,0.000428746,500000000.0,,,214373.0,4.0,"streaming pipeline, no instruction fetch",,,,,,,,,,,,,,,,,,,,,,,,,
Dataflow (Maxeler-style),dataflow,512,256,538181632,9.899999713525176e-05,0.000593546,0.000593546,11534336,46.65909090909091,906.7227005152085,0.000197248,201326592,0.000131712,134217728,0.000131594,1310720,6.6816e-05,134217728,6.6176e-05,67108864,,,,,,,,,,,,,0.000593546,500000000.0,,,296773.0,4.0,"streaming pipeline, no instruction fetch",,,,,,,,,,,,,,,,,,,,,,,,,
Dataflow (Maxeler-style),dataflow,1024,64,307232768,0.00020900000163237564,0.00121649,0.00121649,19988480,15.37049180327869,252.55675591250238,9.8464e-05,25165824,0.000524448,134217728,0.000525322,5242880,3.5328e-05,134217728,3.2928e-05,8388608,,,,,,,,,,,,,0.00121649,500000000.0,,,608245.0,4.0,"streaming pipeline, no instruction fetch",,,,,,,,,,,,,,,,,,,,,,,,,
Dataflow (Maxeler-style),dataflow,1024,128,676331520,0.00012260000221431255,0.0013808100000000001,0.0013808100000000001,23330816,28.98876404494382,489.8078084602515,0.000196928,100663296,0.000524608,268435456,0.000525322,5242880,6.8096e-05,268435456,6.5856e-05,33554432,,,,,,,,,,,,,0.00138081,500000000.0,,,690405.0,4.0,"streaming pipeline, no instruction fetch",,,,,,,,,,,,,,,,,,,,,,,,,
Dataflow (Maxeler-style),dataflow,1024,256,1615855616,0.0001365000007353956,0.0017094500000000002,0.0017094500000000002,30408704,53.13793103448276,945.2488320804937,0.000393856,402653184,0.000524928,536870912,0.000525322,5242880,0.000133632,536870912,0.000131712,134217728,,,,,,,,,,,,,0.00170945,500000000.0,,,854725.0,4.0,"streaming pipeline, no instruction fetch",,,,,,,,,,,,,,,,,,,,,,,,,
Dataflow (Maxeler-style),dataflow,2048,64,1161822208,0.00017980000120587647,0.0045296419999999995,0.0045296419999999995,73465856,15.814451382694024,256.4931639189146,0.000196768,50331648,0.002097312,536870912,0.00209921,20971520,7.0656e-05,536870912,6.5696e-05,16777216,,,,,,,,,,,,,0.004529642,500000000.0,,,2264821.0,4.0,"streaming pipeline, no instruction fetch",,,,,,,,,,,,,,,,,,,,,,,,,
Dataflow (Maxeler-style),dataflow,2048,128,2436890624,0.00040070000068226364,0.004857802,0.004857802,79953920,30.478688524590165,501.644699392853,0.000393536,201326592,0.002097472,1073741824,0.00209921,20971520,0.000136192,1073741824,0.000131392,67108864,,,,,,,,,,,,,0.004857802,500000000.0,,,2428901.0,4.0,"streaming pipeline, no instruction fetch",,,,,,,,,,,,,,,,,,,,,,,,,
Dataflow (Maxeler-style),dataflow,2048,256,5389680640,0.00020989999939047266,0.005514122,0.005514122,93323264,57.752808988764045,977.4322439728393,0.000787072,805306368,0.002097792,2147483648,0.00209921,20971520,0.000267264,2147483648,0.000262784,268435456,,,,,,,,,,,,,0.005514122,500000000.0,,,2757061.0,4.0,"streaming pipeline, no instruction fetch",,,,,,,,,,,,,,,,,,,,,,,,,
TPU (Systolic Array),tpu_systolic,128,64,8470528,0.002052799998637056,3.7314285714285715e-06,3.7314285714285715e-06,720896,11.75,2270.049617151608,1.3628571428571428e-06,3145728,4.5428571428571426e-07,2097152,9.142857142857143e-07,81920,5.457142857142857e-07,2097152,4.5428571428571426e-07,1048576,simulation,,,,,,,,,,,,3.7314285714285715e-06,700000000.0,,,,,weight-stationary systolic array,128x128,2612.0,32768.0,128.0,,,,,,,,,,,,,,,,,,,,,
TPU (Systolic Array),tpu_systolic,128,128,25247744,0.004257399999914924,4.188571428571429e-06,4.188571428571429e-06,1310720,19.2625,6027.769713506139,1.637142857142857e-06,12582912,5.457142857142857e-07,4194304,9.142857142857143e-07,81920,5.457142857142857e-07,4194304,5.457142857142857e-07,4194304,simulation,,,,,,,,,,,,4.188571428571429e-06,700000000.0,,,,,weight-stationary systolic array,128x128,2932.0,32768.0,128.0,,,,,,,,,,,,,,,,,,,,,
TPU (Systolic Array),tpu_systolic,128,256,83968000,0.01471760000094946,8.562857142857143e-06,8.562857142857143e-06,2883584,29.119318181818183,9806.072739406072,4.371428571428571e-06,50331648,7.285714285714286e-07,8388608,9.142857142857143e-07,81920,1.0914285714285714e-06,8388608,1.4571428571428571e-06,16777216,simulation,,,,,,,,,,,,8.562857142857143e-06,700000000.0,,,,,weight-stationary systolic array,128x128,5994.0,32768.0,128.0,,,,,,,,,,,,,,,,,,,,,
TPU (Systolic Array),tpu_systolic,256,64,25493504,0.005682799999704002,1.0565714285714285e-05,1.0565714285714285e-05,1900544,13.413793103448276,2412.8519199567336,2.7257142857142856e-06,6291456,1.817142857142857e-06,8388608,3.6571428571428572e-06,327680,1.4571428571428571e-06,8388608,9.085714285714285e-07,2097152,simulation,,,,,,,,,,,,1.0565714285714285e-05,700000000.0,,,,,weight-stationary systolic array,128x128,7396.0,32768.0,128.0,,,,,,,,,,,,,,,,,,,,,
TPU (Systolic Array),tpu_systolic,256,128,67436544,0.012512599996625795,1.1662857142857143e-05,1.1662857142857143e-05,2883584,23.386363636363637,5782.1632533072025,3.274285714285714e-06,25165824,2.1828571428571428e-06,16777216,3.6571428571428572e-06,327680,1.4571428571428571e-06,16777216,1.0914285714285714e-06,8388608,simulation,,,,,,,,,,,,1.1662857142857143e-05,700000000.0,,,,,weight-stationary systolic array,128x128,8164.0,32768.0,128.0,,,,,,,,,,,,,,,,,,,,,
TPU (Systolic Array),tpu_systolic,256,256,201654272,0.04045569999834697,2.114285714285714e-05,2.114285714285714e-05,5242880,38.4625,9537.702054054054,8.742857142857143e-06,100663296,2.9142857142857142e-06,33554432,3.6571428571428572e-06,327680,2.9142857142857142e-06,33554432,2.9142857142857142e-06,33554432,simulation,,,,,,,,,,,,2.1142857142857144e-05,700000000.0,,,,,weight-stationary systolic array,128x128,14800.0,32768.0,128.0,,,,,,,,,,,,,,,,,,,,,
TPU (Systolic Array),tpu_systolic,512,64,85196800,0.02703750000000582,3.3542857142857144e-05,3.3542857142857144e-05,5832704,14.606741573033707,2539.93867120954,5.451428571428571e-06,12582912,7.268571428571428e-06,33554432,1.4628571428571429e-05,1310720,4.377142857142857e-06,33554432,1.817142857142857e-06,4194304,simulation,,,,,,,,,,,,3.3542857142857144e-05,700000000.0,,,,,weight-stationary systolic array,128x128,23480.0,32768.0,128.0,,,,,,,,,,,,,,,,,,,,,
TPU (Systolic Array),tpu_systolic,512,128,202637312,0.042727299996840884,3.646857142857143e-05,3.646857142857143e-05,7602176,26.655172413793103,5556.491632717017,6.548571428571428e-06,50331648,8.731428571428571e-06,67108864,1.4628571428571429e-05,1310720,4.377142857142857e-06,67108864,2.1828571428571428e-06,16777216,simulation,,,,,,,,,,,,3.646857142857143e-05,700000000.0,,,,,weight-stationary systolic array,128x128,25528.0,32768.0,128.0,,,,,,,,,,,,,,,,,,,,,
TPU (Systolic Array),tpu_systolic,512,256,538181632,0.10731640000085463,5.835428571428572e-05,5.835428571428572e-05,11534336,46.65909090909091,9222.65820603212,1.7485714285714285e-05,201326592,1.1657142857142857e-05,134217728,1.4628571428571429e-05,1310720,8.754285714285714e-06,134217728,5.8285714285714284e-06,67108864,simulation,,,,,,,,,,,,5.835428571428572e-05,700000000.0,,,,,weight-stationary systolic array,128x128,40848.0,32768.0,128.0,,,,,,,,,,,,,,,,,,,,,
TPU (Systolic Array),tpu_systolic,1024,64,307232768,0.10250710000036634,0.00011673142857142857,0.00011673142857142857,19988480,15.37049180327869,2631.962717838261,1.0902857142857142e-05,25165824,2.9074285714285713e-05,134217728,5.8514285714285716e-05,5242880,1.4605714285714286e-05,134217728,3.634285714285714e-06,8388608,simulation,,,,,,,,,,,,0.00011673142857142857,700000000.0,,,,,weight-stationary systolic array,128x128,81712.0,32768.0,128.0,,,,,,,,,,,,,,,,,,,,,
TPU (Systolic Array),tpu_systolic,1024,128,676331520,0.1520806000007724,0.00012550857142857143,0.00012550857142857143,23330816,28.98876404494382,5388.727736295757,1.3097142857142857e-05,100663296,3.4925714285714284e-05,268435456,5.8514285714285716e-05,5242880,1.4605714285714286e-05,268435456,4.3657142857142855e-06,33554432,simulation,,,,,,,,,,,,0.00012550857142857143,700000000.0,,,,,weight-stationary systolic array,128x128,87856.0,32768.0,128.0,,,,,,,,,,,,,,,,,,,,,
TPU (Systolic Array),tpu_systolic,1024,256,1615855616,0.28319749999900523,0.00018098285714285715,0.00018098285714285715,30408704,53.13793103448276,8928.224703207881,3.497142857142857e-05,402653184,4.662857142857143e-05,536870912,5.8514285714285716e-05,5242880,2.921142857142857e-05,536870912,1.1657142857142857e-05,134217728,simulation,,,,,,,,,,,,0.00018098285714285715,700000000.0,,,,,weight-stationary systolic array,128x128,126688.0,32768.0,128.0,,,,,,,,,,,,,,,,,,,,,
TPU (Systolic Array),tpu_systolic,2048,64,1161822208,0.5013249999992695,0.0004320457142857143,0.0004320457142857143,73465856,15.814451382694024,2689.1186964342396,2.1805714285714285e-05,50331648,0.00011629714285714285,536870912,0.00023405714285714286,20971520,5.261714285714286e-05,536870912,7.268571428571428e-06,16777216,simulation,,,,,,,,,,,,0.0004320457142857143,700000000.0,,,,,weight-stationary systolic array,128x128,302432.0,32768.0,128.0,,,,,,,,,,,,,,,,,,,,,
TPU (Systolic Array),tpu_systolic,2048,128,2436890624,1.0725349000003916,0.00046130285714285715,0.00046130285714285715,79953920,30.478688524590165,5282.62634030324,2.6194285714285713e-05,201326592,0.00013970285714285714,1073741824,0.00023405714285714286,20971520,5.261714285714286e-05,1073741824,8.731428571428571e-06,67108864,simulation,,,,,,,,,,,,0.00046130285714285715,700000000.0,,,,,weight-stationary systolic array,128x128,322912.0,32768.0,128.0,,,,,,,,,,,,,,,,,,,,,
TPU (Systolic Array),tpu_systolic,2048,256,5389680640,1.2230350999998336,0.0006190628571428571,0.0006190628571428571,93323264,57.752808988764045,8706.192881405997,6.994285714285714e-05,805306368,0.0001865142857142857,2147483648,0.00023405714285714286,20971520,0.00010523428571428572,2147483648,2.3314285714285714e-05,268435456,simulation,,,,,,,,,,,,0.0006190628571428571,700000000.0,,,,,weight-stationary systolic array,128x128,433344.0,32768.0,128.0,,,,,,,,,,,,,,,,,,,,,
Optical (Photonic MZI),optical,128,64,8470528,4.800000169780105e-06,4.23424e-05,4.23424e-05,720896,11.75,200.0483675937122,3.84e-08,3145728,2.56e-08,2097152,4.224e-05,81920,2.56e-08,2097152,1.28e-08,1048576,,,,,,,,,,,,,4.23424e-05,,,,,,"photonic MZI mesh, OEO for nonlinearities",,,,,64.0,10000000000.0,1e-08,,,,,,,,,,,,,,,,,,
Optical (Photonic MZI),optical,128,128,25247744,4.400002580950968e-06,4.2547200000000005e-05,4.2547200000000005e-05,1310720,19.2625,593.4055354993982,1.536e-07,12582912,5.12e-08,4194304,4.224e-05,81920,5.12e-08,4194304,5.12e-08,4194304,,,,,,,,,,,,,4.25472e-05,,,,,,"photonic MZI mesh, OEO for nonlinearities",,,,,64.0,10000000000.0,1e-08,,,,,,,,,,,,,,,,,,
Optical (Photonic MZI),optical,128,256,83968000,4.699997589341365e-06,4.3264000000000005e-05,4.3264000000000005e-05,2883584,29.119318181818183,1940.8284023668637,6.144e-07,50331648,1.024e-07,8388608,4.224e-05,81920,1.024e-07,8388608,2.048e-07,16777216,,,,,,,,,,,,,4.3264000000000005e-05,,,,,,"photonic MZI mesh, OEO for nonlinearities",,,,,64.0,10000000000.0,1e-08,,,,,,,,,,,,,,,,,,
Optical (Photonic MZI),optical,256,64,25493504,4.399998942972161e-06,0.0001667072,0.0001667072,1900544,13.413793103448276,152.92383292383292,7.68e-08,6291456,1.024e-07,8388608,0.0001664,327680,1.024e-07,8388608,2.56e-08,2097152,,,,,,,,,,,,,0.00016670720000000003,,,,,,"photonic MZI mesh, OEO for nonlinearities",,,,,64.0,10000000000.0,1e-08,,,,,,,,,,,,,,,,,,
Optical (Photonic MZI),optical,256,128,67436544,4.499999704421498e-06,0.0001672192,0.0001672192,2883584,23.386363636363637,403.2823025107164,3.072e-07,25165824,2.048e-07,16777216,0.0001664,327680,2.048e-07,16777216,1.024e-07,8388608,,,,,,,,,,,,,0.0001672192,,,,,,"photonic MZI mesh, OEO for nonlinearities",,,,,64.0,10000000000.0,1e-08,,,,,,,,,,,,,,,,,,
Optical (Photonic MZI),optical,256,256,201654272,4.299998181522824e-06,0.0001688576,0.0001688576,5242880,38.4625,1194.2268041237114,1.2288e-06,100663296,4.096e-07,33554432,0.0001664,327680,4.096e-07,33554432,4.096e-07,33554432,,,,,,,,,,,,,0.0001688576,,,,,,"photonic MZI mesh, OEO for nonlinearities",,,,,64.0,10000000000.0,1e-08,,,,,,,,,,,,,,,,,,
Optical (Photonic MZI),optical,512,64,85196800,4.499997885432094e-06,0.0006615039999999999,0.0006615039999999999,5832704,14.606741573033707,128.79256965944273,1.536e-07,12582912,4.096e-07,33554432,0.00066048,1310720,4.096e-07,33554432,5.12e-08,4194304,,,,,,,,,,,,,0.000661504,,,,,,"photonic MZI mesh, OEO for nonlinearities",,,,,64.0,10000000000.0,1e-08,,,,,,,,,,,,,,,,,,
Optical (Photonic MZI),optical,512,128,202637312,4.499999704421498e-06,0.0006629375999999999,0.0006629375999999999,7602176,26.655172413793103,305.66573988260734,6.144e-07,50331648,8.192e-07,67108864,0.00066048,1310720,8.192e-07,67108864,2.048e-07,16777216,,,,,,,,,,,,,0.0006629375999999999,,,,,,"photonic MZI mesh, OEO for nonlinearities",,,,,64.0,10000000000.0,1e-08,,,,,,,,,,,,,,,,,,
Optical (Photonic MZI),optical,512,256,538181632,7.499998901039362e-06,0.0006670335999999999,0.0006670335999999999,11534336,46.65909090909091,806.8283696653363,2.4576e-06,201326592,1.6384e-06,134217728,0.00066048,1310720,1.6384e-06,134217728,8.192e-07,67108864,,,,,,,,,,,,,0.0006670335999999999,,,,,,"photonic MZI mesh, OEO for nonlinearities",,,,,64.0,10000000000.0,1e-08,,,,,,,,,,,,,,,,,,
Optical (Photonic MZI),optical,1024,64,307232768,1.049999991664663e-05,0.0026353664,0.0026353664,19988480,15.37049180327869,116.58066521603979,3.072e-07,25165824,1.6384e-06,134217728,0.00263168,5242880,1.6384e-06,134217728,1.024e-07,8388608,,,,,,,,,,,,,0.0026353664,,,,,,"photonic MZI mesh, OEO for nonlinearities",,,,,64.0,10000000000.0,1e-08,,,,,,,,,,,,,,,,,,
Optical (Photonic MZI),optical,1024,128,676331520,4.499999704421498e-06,0.002639872,0.002639872,23330816,28.98876404494382,256.19860356865786,1.2288e-06,100663296,3.2768e-06,268435456,0.00263168,5242880,3.2768e-06,268435456,4.096e-07,33554432,,,,,,,,,,,,,0.0026398719999999997,,,,,,"photonic MZI mesh, OEO for nonlinearities",,,,,64.0,10000000000.0,1e-08,,,,,,,,,,,,,,,,,,
Optical (Photonic MZI),optical,1024,256,1615855616,4.599996827892028e-06,0.0026513408,0.0026513408,30408704,53.13793103448276,609.4484782944538,4.9152e-06,402653184,6.5536e-06,536870912,0.00263168,5242880,6.5536e-06,536870912,1.6384e-06,134217728,,,,,,,,,,,,,0.0026513408,,,,,,"photonic MZI mesh, OEO for nonlinearities",,,,,64.0,10000000000.0,1e-08,,,,,,,,,,,,,,,,,,
Optical (Photonic MZI),optical,2048,64,1161822208,4.799998350790702e-06,0.0105201664,0.0105201664,73465856,15.814451382694024,110.43762653792245,6.144e-07,50331648,6.5536e-06,536870912,0.01050624,20971520,6.5536e-06,536870912,2.048e-07,16777216,,,,,,,,,,,,,0.010520166400000001,,,,,,"photonic MZI mesh, OEO for nonlinearities",,,,,64.0,10000000000.0,1e-08,,,,,,,,,,,,,,,,,,
Optical (Photonic MZI),optical,2048,128,2436890624,6.000002031214535e-06,0.0105357312,0.0105357312,79953920,30.478688524590165,231.29772179457274,2.4576e-06,201326592,1.31072e-05,1073741824,0.01050624,20971520,1.31072e-05,1073741824,8.192e-07,67108864,,,,,,,,,,,,,0.010535731199999999,,,,,,"photonic MZI mesh, OEO for nonlinearities",,,,,64.0,10000000000.0,1e-08,,,,,,,,,,,,,,,,,,
Optical (Photonic MZI),optical,2048,256,5389680640,4.5000015234109014e-06,0.010571776,0.010571776,93323264,57.752808988764045,509.8179000387447,9.8304e-06,805306368,2.62144e-05,2147483648,0.01050624,20971520,2.62144e-05,2147483648,3.2768e-06,268435456,,,,,,,,,,,,,0.010571776,,,,,,"photonic MZI mesh, OEO for nonlinearities",,,,,64.0,10000000000.0,1e-08,,,,,,,,,,,,,,,,,,
Chemical (Reaction-Diffusion),chemical,32,16,136192,5.29999852005858e-06,0.597,0.597,45056,3.022727272727273,0.00022812730318257958,0.10200000000000001,49152,0.068,32768,0.327,5120,0.066,32768,0.034,16384,,,,,,,,,,,,,0.597,,,,,,"parallel reaction wells, sequential stages",,,,,,,,1000.0,256.0,"bimolecular reactions, analog",,,,,,,,,,,,,,,
Biological (DNA Strand Displacement),biological,32,16,136192,6.600001142942347e-06,11400.0,11400.0,45056,3.022727272727273,1.1946666666666667e-08,660.0,49152,220.0,32768,9920.0,5120,380.0,32768,220.0,16384,,,,,,,,,,,,,11400.0,,,,,,"cascade arithmetic, parallel in solution",,,,,,,,,,toehold-mediated strand displacement,10.0,6.0,1024.0,,,,,,,,,,,,
Quantum (Gate-based),quantum,32,16,136192,8.800001523923129e-06,0.21131690666666667,0.21131690666666667,45056,3.022727272727273,0.0006444917358876096,0.0769344,49152,0.051199999999999996,32768,0.006760106666666666,5120,0.0507776,32768,0.0256448,16384,,,,,,,,,,,,,0.21131690666666664,,,,,,gate-based quantum arithmetic with classical softmax,,,,,,,,,,,,,,5e-08,1000.0,31.0,16.0,"H, CNOT, T, Toffoli, measurement",,,,,,,
WSN (Wireless Sensor Network),wsn,128,64,8470528,8.799997885944322e-06,4.165928,4.165928,720896,11.75,0.0020332871811514744,1.81872,3145728,0.60624,2097152,0.039896,81920,1.094832,2097152,0.60624,1048576,,,,,,,,,,,,,4.165928,,,,,,"distributed tiling, wireless aggregation",,,,,,,,,,,,,,,,,,,64.0,16000000.0,250000.0,IEEE 802.15.4 (ZigBee),,,
WSN (Wireless Sensor Network),wsn,128,128,25247744,8.500001058564521e-06,6.608888,6.608888,1310720,19.2625,0.0038202711257930228,3.284496,12582912,1.094832,4194304,0.039896,81920,1.094832,4194304,1.094832,4194304,,,,,,,,,,,,,6.608888,,,,,,"distributed tiling, wireless aggregation",,,,,,,,,,,,,,,,,,,64.0,16000000.0,250000.0,IEEE 802.15.4 (ZigBee),,,
WSN (Wireless Sensor Network),wsn,128,256,83968000,8.400000297115184e-06,11.494808,11.494808,2883584,29.119318181818183,0.007304863204326684,6.216048000000001,50331648,2.072016,8388608,0.039896,81920,1.094832,8388608,2.072016,16777216,,,,,,,,,,,,,11.494808,,,,,,"distributed tiling, wireless aggregation",,,,,,,,,,,,,,,,,,,64.0,16000000.0,250000.0,IEEE 802.15.4 (ZigBee),,,
WSN (Wireless Sensor Network),wsn,256,64,25493504,8.700000762473792e-06,5.750312,5.750312,1900544,13.413793103448276,0.004433412308758203,1.81872,6291456,1.21248,8388608,0.040856,327680,2.072016,8388608,0.60624,2097152,,,,,,,,,,,,,5.750311999999999,,,,,,"distributed tiling, wireless aggregation",,,,,,,,,,,,,,,,,,,64.0,16000000.0,250000.0,IEEE 802.15.4 (ZigBee),,,
WSN (Wireless Sensor Network),wsn,256,128,67436544,8.499999239575118e-06,8.681864000000001,8.681864000000001,2883584,23.386363636363637,0.007767519048904705,3.284496,25165824,2.189664,16777216,0.040856,327680,2.072016,16777216,1.094832,8388608,,,,,,,,,,,,,8.681864,,,,,,"distributed tiling, wireless aggregation",,,,,,,,,,,,,,,,,,,64.0,16000000.0,250000.0,IEEE 802.15.4 (ZigBee),,,
WSN (Wireless Sensor Network),wsn,256,256,201654272,8.600000001024455e-06,24.905048,24.905048,5242880,38.4625,0.008096923643752864,12.432096000000001,100663296,4.144032,33554432,0.040856,327680,4.144032,33554432,4.144032,33554432,,,,,,,,,,,,,24.905048,,,,,,"distributed tiling, wireless aggregation",,,,,,,,,,,,,,,,,,,64.0,16000000.0,250000.0,IEEE 802.15.4 (ZigBee),,,
WSN (Wireless Sensor Network),wsn,512,64,85196800,8.799997885944322e-06,10.13348,10.13348,5832704,14.606741573033707,0.008407457260487017,1.81872,12582912,3.63744,33554432,0.044696,1310720,4.026384,33554432,0.60624,4194304,,,,,,,,,,,,,10.133479999999999,,,,,,"distributed tiling, wireless aggregation",,,,,,,,,,,,,,,,,,,64.0,16000000.0,250000.0,IEEE 802.15.4 (ZigBee),,,
WSN (Wireless Sensor Network),wsn,512,128,202637312,8.500001058564521e-06,23.425112,23.425112,7602176,26.655172413793103,0.008650430870938848,6.568992,50331648,6.568992,67108864,0.044696,1310720,8.052768,67108864,2.189664,16777216,,,,,,,,,,,,,23.425112,,,,,,"distributed tiling, wireless aggregation",,,,,,,,,,,,,,,,,,,64.0,16000000.0,250000.0,IEEE 802.15.4 (ZigBee),,,
WSN (Wireless Sensor Network),wsn,512,256,538181632,8.999997589853592e-06,49.42013600000001,49.42013600000001,11534336,46.65909090909091,0.010889926162890364,18.648144000000002,201326592,12.432096000000001,134217728,0.044696,1310720,12.079152,134217728,6.216048000000001,67108864,,,,,,,,,,,,,49.420136,,,,,,"distributed tiling, wireless aggregation",,,,,,,,,,,,,,,,,,,64.0,16000000.0,250000.0,IEEE 802.15.4 (ZigBee),,,
WSN (Wireless Sensor Network),wsn,1024,64,307232768,1.4599998394260183e-05,33.511256,33.511256,19988480,15.37049180327869,0.009168046939213498,3.63744,25165824,12.73104,134217728,0.060056,5242880,15.87024,134217728,1.21248,8388608,,,,,,,,,,,,,33.511255999999996,,,,,,"distributed tiling, wireless aggregation",,,,,,,,,,,,,,,,,,,64.0,16000000.0,250000.0,IEEE 802.15.4 (ZigBee),,,
WSN (Wireless Sensor Network),wsn,1024,128,676331520,8.19999877421651e-06,59.994872,59.994872,23330816,28.98876404494382,0.011273155479021607,9.853487999999999,100663296,22.991472,268435456,0.060056,5242880,23.80536,268435456,3.284496,33554432,,,,,,,,,,,,,59.994872,,,,,,"distributed tiling, wireless aggregation",,,,,,,,,,,,,,,,,,,64.0,16000000.0,250000.0,IEEE 802.15.4 (ZigBee),,,
WSN (Wireless Sensor Network),wsn,1024,256,1615855616,2.28000008064555e-05,140.911496,140.911496,30408704,53.13793103448276,0.011467166710088721,37.296288000000004,402653184,43.512336000000005,536870912,0.060056,5242880,47.61072,536870912,12.432096000000001,134217728,,,,,,,,,,,,,140.911496,,,,,,"distributed tiling, wireless aggregation",,,,,,,,,,,,,,,,,,,64.0,16000000.0,250000.0,IEEE 802.15.4 (ZigBee),,,
WSN (Wireless Sensor Network),wsn,2048,64,1161822208,8.400000297115184e-06,120.724664,120.724664,73465856,15.814451382694024,0.009623735279147267,7.27488,50331648,47.89296,536870912,0.121496,20971520,63.01036800000001,536870912,2.42496,16777216,,,,,,,,,,,,,120.724664,,,,,,"distributed tiling, wireless aggregation",,,,,,,,,,,,,,,,,,,64.0,16000000.0,250000.0,IEEE 802.15.4 (ZigBee),,,
WSN (Wireless Sensor Network),wsn,2048,128,2436890624,2.13999992411118e-05,207.40474400000002,207.40474400000002,79953920,30.478688524590165,0.011749444959658201,19.706975999999997,201326592,86.49172800000001,1073741824,0.121496,20971520,94.51555200000001,1073741824,6.568992,67108864,,,,,,,,,,,,,207.40474400000002,,,,,,"distributed tiling, wireless aggregation",,,,,,,,,,,,,,,,,,,64.0,16000000.0,250000.0,IEEE 802.15.4 (ZigBee),,,
WSN (Wireless Sensor Network),wsn,2048,256,5389680640,8.900000466383062e-06,404.21732000000003,404.21732000000003,93323264,57.752808988764045,0.013333621231272325,62.16048,805306368,163.689264,2147483648,0.121496,20971520,157.52592,2147483648,20.72016,268435456,,,,,,,,,,,,,404.21732000000003,,,,,,"distributed tiling, wireless aggregation",,,,,,,,,,,,,,,,,,,64.0,16000000.0,250000.0,IEEE 802.15.4 (ZigBee),,,
IoT Edge (ARM Cortex-M4F),iot_edge,128,64,8470528,3.4000004234258085e-06,0.07855390476190477,0.07855390476190477,720896,11.75,0.10783076952920409,0.028525714285714286,3145728,0.019017142857142857,2097152,0.0026316190476190476,81920,0.018870857142857144,2097152,0.009508571428571429,1048576,,,,,,,,,13197056.0,,,,0.07855390476190476,168000000.0,,,,,single-core sequential with DSP,,,,,,,,,,,,,,,,,,,,,,,ARM Cortex-M4F,262144.0,3 cycle/MAC
IoT Edge (ARM Cortex-M4F),iot_edge,128,128,25247744,3.399998604436405e-06,0.22908190476190476,0.22908190476190476,1310720,19.2625,0.11021273821797985,0.11322514285714286,12582912,0.03774171428571429,4194304,0.0026316190476190476,81920,0.03774171428571429,4194304,0.03774171428571429,4194304,,,,,,,,,38485760.0,,,,0.22908190476190476,168000000.0,,,,,single-core sequential with DSP,,,,,,,,,,,,,,,,,,,,,,,ARM Cortex-M4F,262144.0,3 cycle/MAC
IoT Edge (ARM Cortex-M4F),iot_edge,128,256,83968000,6.000003850203939e-06,0.7637927619047619,0.7637927619047619,2883584,29.119318181818183,0.10993557963366778,0.45652114285714285,50331648,0.07608685714285714,8388608,0.0026316190476190476,81920,0.07637942857142857,8388608,0.15217371428571427,16777216,,,,,,,,,128317184.0,,,,0.7637927619047619,168000000.0,,,,,single-core sequential with DSP,,,,,,,,,,,,,,,,,,,,,,,ARM Cortex-M4F,262144.0,3 cycle/MAC
IoT Edge (ARM Cortex-M4F),iot_edge,256,64,25493504,5.300000339047983e-06,0.24054552380952382,0.24054552380952382,1900544,13.413793103448276,0.10598203448669057,0.05705142857142857,6291456,0.07696457142857142,8388608,0.01052952380952381,327680,0.07698285714285714,8388608,0.019017142857142857,2097152,,,,,,,,,40411648.0,,,,0.24054552380952382,168000000.0,,,,,single-core sequential with DSP,,,,,,,,,,,,,,,,,,,,,,,ARM Cortex-M4F,262144.0,3 cycle/MAC
IoT Edge (ARM Cortex-M4F),iot_edge,256,128,67436544,5.999998393235728e-06,0.6209798095238095,0.6209798095238095,2883584,23.386363636363637,0.10859699939634569,0.2291382857142857,25165824,0.15275885714285714,16777216,0.01052952380952381,327680,0.15217371428571427,16777216,0.07637942857142857,8388608,,,,,,,,,104324608.0,,,,0.6209798095238095,168000000.0,,,,,single-core sequential with DSP,,,,,,,,,,,,,,,,,,,,,,,ARM Cortex-M4F,262144.0,3 cycle/MAC
IoT Edge (ARM Cortex-M4F),iot_edge,256,256,201654272,6.499998562503606e-06,1.8366140952380952,1.8366140952380952,5242880,38.4625,0.10979675726263982,0.9130422857142857,100663296,0.30434742857142855,33554432,0.01052952380952381,327680,0.30434742857142855,33554432,0.30434742857142855,33554432,,,,,,,,,308551168.0,,,,1.8366140952380952,168000000.0,,,,,single-core sequential with DSP,,,,,,,,,,,,,,,,,,,,,,,ARM Cortex-M4F,262144.0,3 cycle/MAC
IoT Edge (ARM Cortex-M4F),iot_edge,512,64,85196800,6.499998562503606e-06,0.8130499047619048,0.8130499047619048,5832704,14.606741573033707,0.10478667976100337,0.11679085714285714,12582912,0.3078582857142857,33554432,0.042124190476190475,1310720,0.30734628571428574,33554432,0.038930285714285716,4194304,,,,,,,,,136592384.0,,,,0.8130499047619048,168000000.0,,,,,single-core sequential with DSP,,,,,,,,,,,,,,,,,,,,,,,ARM Cortex-M4F,262144.0,3 cycle/MAC
IoT Edge (ARM Cortex-M4F),iot_edge,512,128,202637312,1.5100000382517464e-05,1.871719619047619,1.871719619047619,7602176,26.655172413793103,0.10826264251218742,0.4582765714285714,50331648,0.6110354285714286,67108864,0.042124190476190475,1310720,0.6075245714285714,67108864,0.15275885714285714,16777216,,,,,,,,,314448896.0,,,,1.871719619047619,168000000.0,,,,,single-core sequential with DSP,,,,,,,,,,,,,,,,,,,,,,,ARM Cortex-M4F,262144.0,3 cycle/MAC
IoT Edge (ARM Cortex-M4F),iot_edge,512,256,538181632,6.199999916134402e-06,4.909342476190476,4.909342476190476,11534336,46.65909090909091,0.1096239740067218,1.8260845714285714,201326592,1.2173897142857142,134217728,0.042124190476190475,1310720,1.2150491428571428,134217728,0.6086948571428571,67108864,,,,,,,,,824769536.0,,,,4.909342476190476,168000000.0,,,,,single-core sequential with DSP,,,,,,,,,,,,,,,,,,,,,,,ARM Cortex-M4F,262144.0,3 cycle/MAC
IoT Edge (ARM Cortex-M4F),iot_edge,1024,64,307232768,6.099999154685065e-06,2.931759238095238,2.931759238095238,19988480,15.37049180327869,0.10479467891081291,0.23290971428571428,25165824,1.2280731428571428,134217728,0.16850895238095237,5242880,1.2246308571428572,134217728,0.07763657142857143,8388608,,,,,,,,,492535552.0,,,,2.931759238095238,168000000.0,,,,,single-core sequential with DSP,,,,,,,,,,,,,,,,,,,,,,,ARM Cortex-M4F,262144.0,3 cycle/MAC
IoT Edge (ARM Cortex-M4F),iot_edge,1024,128,676331520,6.600001142942347e-06,6.250383238095238,6.250383238095238,23330816,28.98876404494382,0.10820640818915729,0.9152091428571428,100663296,2.437421714285714,268435456,0.16850895238095237,5242880,2.4241737142857143,268435456,0.3050697142857143,33554432,,,,,,,,,1050064384.0,,,,6.250383238095238,168000000.0,,,,,single-core sequential with DSP,,,,,,,,,,,,,,,,,,,,,,,ARM Cortex-M4F,262144.0,3 cycle/MAC
IoT Edge (ARM Cortex-M4F),iot_edge,1024,256,1615855616,6.300000677583739e-06,14.735366095238096,14.735366095238096,30408704,53.13793103448276,0.10965832851090021,3.6467931428571427,402653184,4.8561188571428575,536870912,0.16850895238095237,5242880,4.8483474285714285,536870912,1.2155977142857144,134217728,,,,,,,,,2475541504.0,,,,14.735366095238096,168000000.0,,,,,single-core sequential with DSP,,,,,,,,,,,,,,,,,,,,,,,ARM Cortex-M4F,262144.0,3 cycle/MAC
IoT Edge (ARM Cortex-M4F),iot_edge,2048,64,1161822208,6.299997039604932e-06,11.10362819047619,11.10362819047619,73465856,15.814451382694024,0.10463446614652666,0.46581942857142855,50331648,4.912292571428571,536870912,0.6740601904761905,20971520,4.896182857142857,536870912,0.15527314285714286,16777216,,,,,,,,,1865409536.0,,,,11.10362819047619,168000000.0,,,,,single-core sequential with DSP,,,,,,,,,,,,,,,,,,,,,,,ARM Cortex-M4F,262144.0,3 cycle/MAC
IoT Edge (ARM Cortex-M4F),iot_edge,2048,128,2436890624,6.199998097144999e-06,22.556318476190476,22.556318476190476,79953920,30.478688524590165,0.10803583158183733,1.8304182857142857,201326592,9.749686857142857,1073741824,0.6740601904761905,20971520,9.692013714285714,1073741824,0.6101394285714286,67108864,,,,,,,,,3789461504.0,,,,22.556318476190476,168000000.0,,,,,single-core sequential with DSP,,,,,,,,,,,,,,,,,,,,,,,ARM Cortex-M4F,262144.0,3 cycle/MAC
IoT Edge (ARM Cortex-M4F),iot_edge,2048,256,5389680640,6.50000038149301e-06,49.207344761904764,49.207344761904764,93323264,57.752808988764045,0.10953000341876953,7.2935862857142855,805306368,19.42447542857143,2147483648,0.6740601904761905,20971520,19.38402742857143,2147483648,2.431195428571429,268435456,,,,,,,,,8266833920.0,,,,49.207344761904764,168000000.0,,,,,single-core sequential with DSP,,,,,,,,,,,,,,,,,,,,,,,ARM Cortex-M4F,262144.0,3 cycle/MAC
