paradigm,paradigm_short,seq_len,embed_dim,measurement_type,is_real_hardware,hardware,source_file,total_flops,total_effective_time_s,throughput_gflop_s,total_memory_bytes,arithmetic_intensity,time_qkv_projection,time_qk_matmul,time_softmax,time_av_matmul,time_output_projection,time_fused_attention,sdpa_backend
Biological (DNA Strand Displacement),biological,32,16,strand_displacement_model,false,n/a (model),combined_all_v6.csv,136192,11400.0,1.1946666666666668e-08,45056,3.022727272727273,660.0,220.0,9920.0,380.0,220.0,,
CdTe (Turing Machine),cdte_turing,128,64,operation_cost_model,false,n/a (model),combined_all_v6.csv,8470528,11.8915072,0.0007123174428217,720896,11.75,4.4040192,2.9360128,0.147456,2.9360128,1.4680064,,
CdTe (Turing Machine),cdte_turing,128,128,operation_cost_model,false,n/a (model),combined_all_v6.csv,25247744,35.379609599999995,0.0007136241548578,1310720,19.2625,17.6160768,5.8720256,0.147456,5.8720256,5.8720256,,
CdTe (Turing Machine),cdte_turing,128,256,operation_cost_model,false,n/a (model),combined_all_v6.csv,83968000,117.587968,0.0007140866657377,2883584,29.119318181818183,70.4643072,11.7440512,0.147456,11.7440512,23.4881024,,
CdTe (Turing Machine),cdte_turing,256,64,operation_cost_model,false,n/a (model),combined_all_v6.csv,25493504,35.8219776,0.0007116721551408,1900544,13.413793103448276,8.8080384,11.7440512,0.589824,11.7440512,2.9360128,,
CdTe (Turing Machine),cdte_turing,256,128,operation_cost_model,false,n/a (model),combined_all_v6.csv,67436544,94.5422336,0.000713295438791,2883584,23.38636363636364,35.2321536,23.4881024,0.589824,23.4881024,11.7440512,,
CdTe (Turing Machine),cdte_turing,256,256,operation_cost_model,false,n/a (model),combined_all_v6.csv,201654272,282.4470528,0.0007139542438164,5242880,38.4625,140.9286144,46.9762048,0.589824,46.9762048,46.9762048,,
CdTe (Turing Machine),cdte_turing,512,64,operation_cost_model,false,n/a (model),combined_all_v6.csv,85196800,119.799808,0.0007111597374179,5832704,14.606741573033707,17.6160768,46.9762048,2.359296,46.9762048,5.8720256,,
CdTe (Turing Machine),cdte_turing,512,128,operation_cost_model,false,n/a (model),combined_all_v6.csv,202637312,284.2165248,0.0007129680870688,7602176,26.655172413793103,70.4643072,93.9524096,2.359296,93.9524096,23.4881024,,
CdTe (Turing Machine),cdte_turing,512,256,operation_cost_model,false,n/a (model),combined_all_v6.csv,538181632,753.9785727999999,0.0007137890271886,11534336,46.65909090909091,281.8572288,187.9048192,2.359296,187.9048192,93.9524096,,
CdTe (Turing Machine),cdte_turing,1024,64,operation_cost_model,false,n/a (model),combined_all_v6.csv,307232768,432.2230272,0.0007108199902959,19988480,15.37049180327869,35.2321536,187.9048192,9.437184,187.9048192,11.7440512,,
CdTe (Turing Machine),cdte_turing,1024,128,operation_cost_model,false,n/a (model),combined_all_v6.csv,676331520,948.96128,0.0007127071823204,23330816,28.98876404494382,140.9286144,375.8096384,9.437184,375.8096384,46.9762048,,
CdTe (Turing Machine),cdte_turing,1024,256,operation_cost_model,false,n/a (model),combined_all_v6.csv,1615855616,2264.2950144,0.0007136241548578,30408704,53.13793103448276,563.7144576,751.6192768,9.437184,751.6192768,187.9048192,,
CdTe (Turing Machine),cdte_turing,2048,64,operation_cost_model,false,n/a (model),combined_all_v6.csv,1161822208,1634.9396992,0.0007106208311954,73465856,15.814451382694024,70.4643072,751.6192768,37.748736,751.6192768,23.4881024,,
CdTe (Turing Machine),cdte_turing,2048,128,operation_cost_model,false,n/a (model),combined_all_v6.csv,2436890624,3420.0354816,0.0007125337257787,79953920,30.478688524590165,281.8572288,1503.2385536,37.748736,1503.2385536,93.9524096,,
CdTe (Turing Machine),cdte_turing,2048,256,operation_cost_model,false,n/a (model),combined_all_v6.csv,5389680640,7553.941503999999,0.0007134925041643,93323264,57.752808988764045,1127.4289152,3006.4771072,37.748736,3006.4771072,375.8096384,,
Chemical (Reaction-Diffusion),chemical,32,16,reaction_kinetics_model,false,n/a (model),combined_all_v6.csv,136192,0.597,0.0002281273031825,45056,3.022727272727273,0.102,0.068,0.327,0.066,0.034,,
CPU (Control Flow),cpu,128,64,measured,true,Intel i7 AVX2 (estimated),combined_all_v6.csv,8470528,0.0008061000025918,10.508036190007164,720896,11.75,0.0002229000001534,0.0001477000005252,0.0002091000005748,0.0001337000012426,9.270000009564684e-05,,
CPU (Control Flow),cpu,128,128,measured,true,Intel i7 AVX2 (estimated),combined_all_v6.csv,25247744,0.0012700999977823,19.87854818052361,1310720,19.2625,0.000493200001074,0.0002195999986724,0.000210700000025,0.0001684999988356,0.0001780999991751,,
CPU (Control Flow),cpu,128,256,measured,true,Intel i7 AVX2 (estimated),combined_all_v6.csv,83968000,0.0023547000018879,35.65974431251337,2883584,29.119318181818183,0.0011787000003096,0.0002901999996538,0.0002438999999867,0.0002410000015515,0.0004009000003861,,
CPU (Control Flow),cpu,256,64,measured,true,Intel i7 AVX2 (estimated),combined_all_v6.csv,25493504,0.0020299999996495,12.558376356847578,1900544,13.413793103448276,0.0004432999994605,0.000361200000043,0.0007423999995808,0.0003185999994457,0.0001645000011194,,
CPU (Control Flow),cpu,256,128,measured,true,Intel i7 AVX2 (estimated),combined_all_v6.csv,67436544,0.0027735000003303,24.314600321603308,2883584,23.38636363636364,0.0007541000013588,0.0005407000007835,0.0007568000000901,0.0004656999990402,0.0002561999990575,,
CPU (Control Flow),cpu,256,256,measured,true,Intel i7 AVX2 (estimated),combined_all_v6.csv,201654272,0.0051821999986714,38.91286944766678,5242880,38.4625,0.0021154999994905,0.000810100000308,0.0008232000000134,0.000734299999749,0.0006990999991103,,
CPU (Control Flow),cpu,512,64,measured,true,Intel i7 AVX2 (estimated),combined_all_v6.csv,85196800,0.0163065999986429,5.2246820310236535,5832704,14.606741573033707,0.0005886999988433,0.0026770000004034,0.0084795999991911,0.0040053000011539,0.0005559999990509,,
CPU (Control Flow),cpu,512,128,measured,true,Intel i7 AVX2 (estimated),combined_all_v6.csv,202637312,0.0153460000001359,13.204568747439367,7602176,26.655172413793103,0.0014554999997926,0.0032869999995455,0.0078129000012268,0.0022430999997595,0.0005474999998114,,
CPU (Control Flow),cpu,512,256,measured,true,Intel i7 AVX2 (estimated),combined_all_v6.csv,538181632,0.0263431999974272,20.42962252317712,11534336,46.65909090909091,0.0078381000002991,0.0044710999991366,0.0091414999988046,0.0030446000000665,0.0018478999991202,,
CPU (Control Flow),cpu,1024,64,measured,true,Intel i7 AVX2 (estimated),combined_all_v6.csv,307232768,0.0537722000008216,5.713598625224662,19988480,15.37049180327869,0.001110700000936,0.0170438999994075,0.0294970000013563,0.0057359999991604,0.0003845999999612,,
CPU (Control Flow),cpu,1024,128,measured,true,Intel i7 AVX2 (estimated),combined_all_v6.csv,676331520,0.0912765000011859,7.409700415673395,23330816,28.98876404494382,0.0077744000009261,0.0240986000007978,0.0389923999991879,0.0185698000004777,0.0018412999997963,,
CPU (Control Flow),cpu,1024,256,measured,true,Intel i7 AVX2 (estimated),combined_all_v6.csv,1615855616,0.0835275999997975,19.34516993190175,30408704,53.13793103448276,0.0147281000008661,0.0256620000000111,0.0229725999997754,0.0167911999997159,0.0033736999994289,,
CPU (Control Flow),cpu,2048,64,measured,true,Intel i7 AVX2 (estimated),combined_all_v6.csv,1161822208,0.1963366999989375,5.917498908794368,73465856,15.814451382694024,0.0033124000001407,0.0557530000005499,0.10526149999896,0.0297659000007115,0.0022438999985752,,
CPU (Control Flow),cpu,2048,128,measured,true,Intel i7 AVX2 (estimated),combined_all_v6.csv,2436890624,0.246175399999629,9.899001378706696,79953920,30.478688524590165,0.0137163999988842,0.0703757000010227,0.1030276000001322,0.0562754999991739,0.0027802000004157,,
CPU (Control Flow),cpu,2048,256,measured,true,Intel i7 AVX2 (estimated),combined_all_v6.csv,5389680640,0.2971944000000803,18.13520254755319,93323264,57.752808988764045,0.028616099998544,0.0945484999992913,0.1012857999994594,0.0657815000013215,0.0069625000014639,,
CPU (Fused SDPA),cpu_fused,128,64,measured,true,CPU,combined_all_v6.csv,8470528,0.0009087019999469,9.321568567576962,720896,11.75,,,,,,0.0009087019999469,
CPU (Fused SDPA),cpu_fused,128,128,measured,true,CPU,combined_all_v6.csv,25247744,0.0014560429999619,17.339971416132634,1310720,19.2625,,,,,,0.0014560429999619,
CPU (Fused SDPA),cpu_fused,128,256,measured,true,CPU,combined_all_v6.csv,83968000,0.0037691590000576,22.277648674071493,2883584,29.119318181818183,,,,,,0.0037691590000576,
CPU (Fused SDPA),cpu_fused,256,64,measured,true,CPU,combined_all_v6.csv,25493504,0.0030334729999594,8.404064911848725,1900544,13.413793103448276,,,,,,0.0030334729999594,
CPU (Fused SDPA),cpu_fused,256,128,measured,true,CPU,combined_all_v6.csv,67436544,0.0043518969999922,15.495896157496295,2883584,23.38636363636364,,,,,,0.0043518969999922,
CPU (Fused SDPA),cpu_fused,256,256,measured,true,CPU,combined_all_v6.csv,201654272,0.0092054220000363,21.90603233607358,5242880,38.4625,,,,,,0.0092054220000363,
CPU (Fused SDPA),cpu_fused,512,64,measured,true,CPU,combined_all_v6.csv,85196800,0.0121006260000058,7.040693597170836,5832704,14.606741573033707,,,,,,0.0121006260000058,
CPU (Fused SDPA),cpu_fused,512,128,measured,true,CPU,combined_all_v6.csv,202637312,0.0144551930000034,14.018305532133128,7602176,26.655172413793103,,,,,,0.0144551930000034,
CPU (Fused SDPA),cpu_fused,512,256,measured,true,CPU,combined_all_v6.csv,538181632,0.0258126950000132,20.849494095820816,11534336,46.65909090909091,,,,,,0.0258126950000132,
CPU (Fused SDPA),cpu_fused,1024,64,measured,true,CPU,combined_all_v6.csv,307232768,0.0446714119999569,6.87761488265238,19988480,15.37049180327869,,,,,,0.0446714119999569,
CPU (Fused SDPA),cpu_fused,1024,128,measured,true,CPU,combined_all_v6.csv,676331520,0.0594517330000599,11.37614474584481,23330816,28.98876404494382,,,,,,0.0594517330000599,
CPU (Fused SDPA),cpu_fused,1024,256,measured,true,CPU,combined_all_v6.csv,1615855616,0.0829114709999885,19.4889271232472,30408704,53.13793103448276,,,,,,0.0829114709999885,
CPU (Fused SDPA),cpu_fused,2048,64,measured,true,CPU,combined_all_v6.csv,1161822208,0.1745566159999043,6.655847452958395,73465856,15.814451382694024,,,,,,0.1745566159999043,
CPU (Fused SDPA),cpu_fused,2048,128,measured,true,CPU,combined_all_v6.csv,2436890624,0.2084351579999293,11.691360744432698,79953920,30.478688524590165,,,,,,0.2084351579999293,
CPU (Fused SDPA),cpu_fused,2048,256,measured,true,CPU,combined_all_v6.csv,5389680640,0.3036870829999998,17.74748068557135,93323264,57.752808988764045,,,,,,0.3036870829999998,
Dataflow (Maxeler-style),dataflow,128,64,pipeline_cycle_model,false,n/a (model),combined_all_v6.csv,8470528,3.7802e-05,224.0761864451616,720896,11.75,1.2448e-05,8.352e-06,8.33e-06,4.416e-06,4.256e-06,,
Dataflow (Maxeler-style),dataflow,128,128,pipeline_cycle_model,false,n/a (model),combined_all_v6.csv,25247744,5.8762e-05,429.6610734828631,1310720,19.2625,2.4896e-05,8.512e-06,8.33e-06,8.512e-06,8.512e-06,,
Dataflow (Maxeler-style),dataflow,128,256,pipeline_cycle_model,false,n/a (model),combined_all_v6.csv,83968000,0.000100682,833.9921733775651,2883584,29.119318181818183,4.9792e-05,8.832e-06,8.33e-06,1.6704e-05,1.7024e-05,,
Dataflow (Maxeler-style),dataflow,256,64,pipeline_cycle_model,false,n/a (model),combined_all_v6.csv,25493504,0.000107882,236.30915259264748,1900544,13.413793103448276,2.4736e-05,3.2928e-05,3.3034e-05,8.832e-06,8.352e-06,,
Dataflow (Maxeler-style),dataflow,256,128,pipeline_cycle_model,false,n/a (model),combined_all_v6.csv,67436544,0.000149322,451.6182746011974,2883584,23.38636363636364,4.9472e-05,3.3088e-05,3.3034e-05,1.7024e-05,1.6704e-05,,
Dataflow (Maxeler-style),dataflow,256,256,pipeline_cycle_model,false,n/a (model),combined_all_v6.csv,201654272,0.000232202,868.4433036752483,5242880,38.4625,9.8944e-05,3.3408e-05,3.3034e-05,3.3408e-05,3.3408e-05,,
Dataflow (Maxeler-style),dataflow,512,64,pipeline_cycle_model,false,n/a (model),combined_all_v6.csv,85196800,0.000346346,245.9875384730876,5832704,14.606741573033707,4.9312e-05,0.000131232,0.000131594,1.7664e-05,1.6544e-05,,
Dataflow (Maxeler-style),dataflow,512,128,pipeline_cycle_model,false,n/a (model),combined_all_v6.csv,202637312,0.000428746,472.6278775778666,7602176,26.655172413793103,9.8624e-05,0.000131392,0.000131594,3.4048e-05,3.3088e-05,,
Dataflow (Maxeler-style),dataflow,512,256,pipeline_cycle_model,false,n/a (model),combined_all_v6.csv,538181632,0.000593546,906.7227005152084,11534336,46.65909090909091,0.000197248,0.000131712,0.000131594,6.6816e-05,6.6176e-05,,
Dataflow (Maxeler-style),dataflow,1024,64,pipeline_cycle_model,false,n/a (model),combined_all_v6.csv,307232768,0.00121649,252.5567559125024,19988480,15.37049180327869,9.8464e-05,0.000524448,0.000525322,3.5328e-05,3.2928e-05,,
Dataflow (Maxeler-style),dataflow,1024,128,pipeline_cycle_model,false,n/a (model),combined_all_v6.csv,676331520,0.00138081,489.8078084602515,23330816,28.98876404494382,0.000196928,0.000524608,0.000525322,6.8096e-05,6.5856e-05,,
Dataflow (Maxeler-style),dataflow,1024,256,pipeline_cycle_model,false,n/a (model),combined_all_v6.csv,1615855616,0.00170945,945.2488320804936,30408704,53.13793103448276,0.000393856,0.000524928,0.000525322,0.000133632,0.000131712,,
Dataflow (Maxeler-style),dataflow,2048,64,pipeline_cycle_model,false,n/a (model),combined_all_v6.csv,1161822208,0.0045296419999999,256.4931639189146,73465856,15.814451382694024,0.000196768,0.002097312,0.00209921,7.0656e-05,6.5696e-05,,
Dataflow (Maxeler-style),dataflow,2048,128,pipeline_cycle_model,false,n/a (model),combined_all_v6.csv,2436890624,0.004857802,501.644699392853,79953920,30.478688524590165,0.000393536,0.002097472,0.00209921,0.000136192,0.000131392,,
Dataflow (Maxeler-style),dataflow,2048,256,pipeline_cycle_model,false,n/a (model),combined_all_v6.csv,5389680640,0.005514122,977.4322439728392,93323264,57.752808988764045,0.000787072,0.002097792,0.00209921,0.000267264,0.000262784,,
GaAs (RISC-V),gaas_riscv,128,64,instruction_cost_model,false,n/a (model),combined_all_v6.csv,8470528,0.05545575,0.1527439084314971,720896,11.75,0.020545539,0.013697025,0.000700416,0.013664257,0.006848513,,
GaAs (RISC-V),gaas_riscv,128,128,instruction_cost_model,false,n/a (model),combined_all_v6.csv,25247744,0.164671494,0.1533218858146753,1310720,19.2625,0.081985539,0.027328513,0.000700416,0.027328513,0.027328513,,
GaAs (RISC-V),gaas_riscv,128,256,instruction_cost_model,false,n/a (model),combined_all_v6.csv,83968000,0.546680838,0.1535960183041937,2883584,29.119318181818183,0.327548931,0.054591489,0.000700416,0.054657025,0.109182977,,
GaAs (RISC-V),gaas_riscv,256,64,instruction_cost_model,false,n/a (model),combined_all_v6.csv,25493504,0.16696935,0.1526837350687416,1900544,13.413793103448276,0.041091075,0.054788097,0.002801664,0.054591489,0.013697025,,
GaAs (RISC-V),gaas_riscv,256,128,instruction_cost_model,false,n/a (model),combined_all_v6.csv,67436544,0.43992679,0.1532903781558745,2883584,23.38636363636364,0.163971075,0.109314049,0.002801664,0.109182977,0.054657025,,
GaAs (RISC-V),gaas_riscv,256,256,instruction_cost_model,false,n/a (model),combined_all_v6.csv,201654272,1.312997382,0.1535831485763008,5242880,38.4625,0.655097859,0.218365953,0.002801664,0.218365953,0.218365953,,
GaAs (RISC-V),gaas_riscv,512,64,instruction_cost_model,false,n/a (model),combined_all_v6.csv,85196800,0.558170118,0.1526359030205196,5832704,14.606741573033707,0.082182147,0.219152385,0.011206656,0.218234881,0.027394049,,
GaAs (RISC-V),gaas_riscv,512,128,instruction_cost_model,false,n/a (model),combined_all_v6.csv,202637312,1.322188806,0.1532589831954756,7602176,26.655172413793103,0.327942147,0.437256193,0.011206656,0.436469761,0.109314049,,
GaAs (RISC-V),gaas_riscv,512,256,instruction_cost_model,false,n/a (model),combined_all_v6.csv,538181632,3.504537606,0.1535670871611129,11534336,46.65909090909091,1.310195715,0.873463809,0.011206656,0.872939521,0.436731905,,
GaAs (RISC-V),gaas_riscv,1024,64,instruction_cost_model,false,n/a (model),combined_all_v6.csv,307232768,2.013265926,0.1526041662118708,19988480,15.37049180327869,0.164364291,0.876609537,0.044826624,0.872677377,0.054788097,,
GaAs (RISC-V),gaas_riscv,1024,128,instruction_cost_model,false,n/a (model),combined_all_v6.csv,676331520,4.413718534,0.153233948832497,23330816,28.98876404494382,0.655884291,1.749024769,0.044826624,1.745354753,0.218628097,,
GaAs (RISC-V),gaas_riscv,1024,256,instruction_cost_model,false,n/a (model),combined_all_v6.csv,1615855616,10.523246598,0.1535510548909024,30408704,53.13793103448276,2.620391427,3.493855233,0.044826624,3.490709505,0.873463809,,
GaAs (RISC-V),gaas_riscv,2048,64,instruction_cost_model,false,n/a (model),combined_all_v6.csv,1161822208,7.61423463,0.1525855538286715,73465856,15.814451382694024,0.328728579,3.506438145,0.179306496,3.490185217,0.109576193,,
GaAs (RISC-V),gaas_riscv,2048,128,instruction_cost_model,false,n/a (model),combined_all_v6.csv,2436890624,15.904800774,0.1532172995202586,79953920,30.478688524590165,1.311768579,6.996099073,0.179306496,6.980370433,0.437256193,,
GaAs (RISC-V),gaas_riscv,2048,256,instruction_cost_model,false,n/a (model),combined_all_v6.csv,5389680640,35.103178758,0.1535382501156449,93323264,57.752808988764045,5.240782851,13.975420929,0.179306496,13.960740865,1.746927617,,
GPU (Control Flow),gpu,128,64,measured,true,Tesla T4,combined_all_paradigms.csv,8470528,0.0013792960271239,6.1411965476784,720896,11.75,0.0006388800144195,0.0002412160038948,4.508800059556961e-05,0.0002292480021715,0.0002248640060424,,
GPU (Control Flow),gpu,128,128,measured,true,Tesla T4,combined_all_paradigms.csv,25247744,0.0014164800196886,17.82428530516821,1310720,19.2625,0.0006641600131988,0.0002497600018978,4.518400132656097e-05,0.0002310400009155,0.0002263360023498,,
GPU (Control Flow),gpu,128,256,measured,true,Tesla T4,combined_all_paradigms.csv,83968000,0.0014416960179805,58.24251364557166,2883584,29.119318181818183,0.0006775360107421,0.0002496320009231,4.492799937725067e-05,0.0002329600006341,0.0002366400063037,,
GPU (Control Flow),gpu,256,64,measured,true,Tesla T4,combined_all_paradigms.csv,25493504,0.0013926720172166,18.30546150482,1900544,13.413793103448276,0.0006373760104179,0.0002355200052261,6.742399930953979e-05,0.0002317440062761,0.0002206079959869,,
GPU (Control Flow),gpu,256,128,measured,true,Tesla T4,combined_all_paradigms.csv,67436544,0.0014677440375089,45.94571142966617,2883584,23.38636363636364,0.0006694080233573,0.0002560000121593,6.6880002617836e-05,0.0002437440007925,0.0002317119985818,,
GPU (Control Flow),gpu,256,256,measured,true,Tesla T4,combined_all_paradigms.csv,201654272,0.0026622719913721,75.7451803022085,5242880,38.4625,0.0012758719921112,0.0004532800018787,6.623999774456024e-05,0.000437056005001,0.0004298239946365,,
GPU (Control Flow),gpu,512,64,measured,true,Tesla T4,combined_all_paradigms.csv,85196800,0.0021087999790906,40.400607380855845,5832704,14.606741573033707,0.0006942399740219,0.0004773119986057,0.0002180799990892,0.0004732800126075,0.0002458879947662,,
GPU (Control Flow),gpu,512,128,measured,true,Tesla T4,combined_all_paradigms.csv,202637312,0.0030816320478916,65.7564916417065,7602176,26.655172413793103,0.0007509440183639,0.0009438080191612,0.0002199040055274,0.0009065920114517,0.0002603839933872,,
GPU (Control Flow),gpu,512,256,measured,true,Tesla T4,combined_all_paradigms.csv,538181632,0.0072886721044778,73.83809070919266,11534336,46.65909090909091,0.0026727681159973,0.0017653759717941,0.0002228160053491,0.0017224960327148,0.0009052159786224,,
GPU (Control Flow),gpu,1024,64,measured,true,Tesla T4,combined_all_paradigms.csv,307232768,0.0051848000437021,59.25643523575989,19988480,15.37049180327869,0.0007076799869537,0.0017889920473098,0.0007238399982452,0.0017181760072708,0.0002461120039224,,
GPU (Control Flow),gpu,1024,128,measured,true,Tesla T4,combined_all_paradigms.csv,676331520,0.0053832960426807,125.63520836264556,23330816,28.98876404494382,0.0008188800215721,0.0019573119878768,0.0004259839951992,0.0018943680524826,0.0002867519855499,,
GPU (Control Flow),gpu,1024,256,measured,true,Tesla T4,combined_all_paradigms.csv,1615855616,0.0117148800492286,137.93189594855403,30408704,53.13793103448276,0.0028938241004943,0.0037350718975067,0.000419968008995,0.003670912027359,0.0009951040148735,,
GPU (Control Flow),gpu,2048,64,measured,true,Tesla T4,combined_all_paradigms.csv,1161822208,0.0076336319446563,152.19782882161203,73465856,15.814451382694024,0.0003109120130538,0.0025285120010375,0.0019621440172195,0.0027133119106292,0.000118752002716,,
GPU (Control Flow),gpu,2048,128,measured,true,Tesla T4,combined_all_paradigms.csv,2436890624,0.0134717119634151,180.88945418502223,79953920,30.478688524590165,0.0011438399553298,0.0046480641365051,0.0019492160081863,0.0053063678741455,0.0004242239892482,,
GPU (Control Flow),gpu,2048,256,measured,true,Tesla T4,combined_all_paradigms.csv,5389680640,0.0270716794729232,199.08926025039136,93323264,57.752808988764045,0.0041970877647399,0.0089149436950683,0.0019558399915695,0.0105820159912109,0.0014217920303344,,
GPU FP16 (Control Flow),gpu_fp16,128,64,measured,true,Tesla T4,combined_all_v6.csv,8470528,0.0002533119954168,33.439111266957234,360448,23.5,7.715199887752532e-05,7.017599791288375e-05,2.694400027394295e-05,3.894399851560593e-05,4.009599983692169e-05,,
GPU FP16 (Control Flow),gpu_fp16,128,128,measured,true,Tesla T4,combined_all_v6.csv,25247744,0.0002332159988582,108.25905651245516,655360,38.525,6.348799914121628e-05,6.918399780988693e-05,2.7807999402284623e-05,3.881600126624108e-05,3.392000123858452e-05,,
GPU FP16 (Control Flow),gpu_fp16,128,256,measured,true,Tesla T4,combined_all_v6.csv,83968000,0.0002325759958475,361.0346789830705,1441792,58.23863636363637,6.31679967045784e-05,7.027199864387512e-05,2.678400091826916e-05,3.891199827194214e-05,3.3440001308918e-05,,
GPU FP16 (Control Flow),gpu_fp16,256,64,measured,true,Tesla T4,combined_all_v6.csv,25493504,0.0002547520026564,100.07184922655428,950272,26.82758620689655,6.87360018491745e-05,7.577600330114365e-05,2.9920000582933426e-05,4.2879998683929446e-05,3.743999823927879e-05,,
GPU FP16 (Control Flow),gpu_fp16,256,128,measured,true,Tesla T4,combined_all_v6.csv,67436544,0.0002732479982078,246.7961135756021,1441792,46.77272727272727,6.934399902820587e-05,8.396799862384797e-05,2.985600009560585e-05,4.492799937725067e-05,4.5152001082897183e-05,,
GPU FP16 (Control Flow),gpu_fp16,256,256,measured,true,Tesla T4,combined_all_v6.csv,201654272,0.0002464959975332,818.0833523385622,2621440,76.925,6.758400052785873e-05,7.497599720954895e-05,2.9023999348282813e-05,4.016000032424927e-05,3.4752000123262405e-05,,
GPU FP16 (Control Flow),gpu_fp16,512,64,measured,true,Tesla T4,combined_all_v6.csv,85196800,0.0002392640020698,356.07863808586933,2916352,29.21348314606741,6.179200112819672e-05,6.963200122117996e-05,2.665599994361401e-05,4.502400010824204e-05,3.6159999668598176e-05,,
GPU FP16 (Control Flow),gpu_fp16,512,128,measured,true,Tesla T4,combined_all_v6.csv,202637312,0.0002409279998391,841.0699965767999,3801088,53.310344827586206,6.467200070619584e-05,7.56480023264885e-05,2.662399969995021e-05,4.095999896526337e-05,3.302399814128876e-05,,
GPU FP16 (Control Flow),gpu_fp16,512,256,measured,true,Tesla T4,combined_all_v6.csv,538181632,0.0002449920047074,2196.731410245985,5767168,93.3181818181818,6.355199962854386e-05,7.16800019145012e-05,2.8672000393271447e-05,4.614400118589401e-05,3.4944001585245135e-05,,
GPU FP16 (Control Flow),gpu_fp16,1024,64,measured,true,Tesla T4,combined_all_v6.csv,307232768,0.0002760000042617,1113.1621857101484,9994240,30.74098360655738,6.63679987192154e-05,7.372800260782241e-05,3.145600110292435e-05,6.758400052785873e-05,3.686400130391121e-05,,
GPU FP16 (Control Flow),gpu_fp16,1024,128,measured,true,Tesla T4,combined_all_v6.csv,676331520,0.0002371519990265,2851.890444846386,11665408,57.97752808988764,6.319999694824218e-05,7.180800288915634e-05,2.8672000393271447e-05,4.233599826693535e-05,3.1136000528931616e-05,,
GPU FP16 (Control Flow),gpu_fp16,1024,256,measured,true,Tesla T4,combined_all_v6.csv,1615855616,0.0002347200009971,6884.183747167648,15204352,106.27586206896552,6.009599938988686e-05,6.956800073385239e-05,2.7232000604271888e-05,4.710400104522705e-05,3.071999922394752e-05,,
GPU FP16 (Control Flow),gpu_fp16,2048,64,measured,true,Tesla T4,combined_all_v6.csv,1161822208,0.0004258240051567,2728.4093755407403,36732928,31.628902765388048,5.923200026154518e-05,0.0001413120031356,0.0001070720031857,8.595199882984161e-05,3.225599974393845e-05,,
GPU FP16 (Control Flow),gpu_fp16,2048,128,measured,true,Tesla T4,combined_all_v6.csv,2436890624,0.000465696003288,5232.792651846737,39976960,60.95737704918033,6.57920017838478e-05,0.0001464000046253,0.0001114879995584,0.0001044479981064,3.756799921393395e-05,,
GPU FP16 (Control Flow),gpu_fp16,2048,256,measured,true,Tesla T4,combined_all_v6.csv,5389680640,0.0004758400022983,11326.66571529779,46661632,115.50561797752808,6.143999844789505e-05,0.0001710080057382,0.0001098880022764,9.942399710416794e-05,3.407999873161316e-05,,
GPU (Fused SDPA),gpu_fused,128,64,measured,true,Tesla T4,combined_all_v6.csv,8470528,0.0016721919775009,5.065523644395886,720896,11.75,,,,,,0.0016721919775009,math (fallback)
GPU (Fused SDPA),gpu_fused,128,128,measured,true,Tesla T4,combined_all_v6.csv,25247744,0.0017353600263595,14.54899480021144,1310720,19.2625,,,,,,0.0017353600263595,math (fallback)
GPU (Fused SDPA),gpu_fused,128,256,measured,true,Tesla T4,combined_all_v6.csv,83968000,0.0018186240196228,46.171170672988055,2883584,29.119318181818183,,,,,,0.0018186240196228,math (fallback)
GPU (Fused SDPA),gpu_fused,256,64,measured,true,Tesla T4,combined_all_v6.csv,25493504,0.0012343360185623,20.65361750497515,1900544,13.413793103448276,,,,,,0.0012343360185623,math (fallback)
GPU (Fused SDPA),gpu_fused,256,128,measured,true,Tesla T4,combined_all_v6.csv,67436544,0.0012909760475158,52.23686692697608,2883584,23.38636363636364,,,,,,0.0012909760475158,math (fallback)
GPU (Fused SDPA),gpu_fused,256,256,measured,true,Tesla T4,combined_all_v6.csv,201654272,0.0017940479516983,112.4018295102467,5242880,38.4625,,,,,,0.0017940479516983,math (fallback)
GPU (Fused SDPA),gpu_fused,512,64,measured,true,Tesla T4,combined_all_v6.csv,85196800,0.0026970880031585,31.58843904990335,5832704,14.606741573033707,,,,,,0.0026970880031585,math (fallback)
GPU (Fused SDPA),gpu_fused,512,128,measured,true,Tesla T4,combined_all_v6.csv,202637312,0.0028805119991302,70.3476715463032,7602176,26.655172413793103,,,,,,0.0028805119991302,math (fallback)
GPU (Fused SDPA),gpu_fused,512,256,measured,true,Tesla T4,combined_all_v6.csv,538181632,0.0042300162315368,127.2292120270342,11534336,46.65909090909091,,,,,,0.0042300162315368,math (fallback)
GPU (Fused SDPA),gpu_fused,1024,64,measured,true,Tesla T4,combined_all_v6.csv,307232768,0.0093163518905639,32.97779770547092,19988480,15.37049180327869,,,,,,0.0093163518905639,math (fallback)
GPU (Fused SDPA),gpu_fused,1024,128,measured,true,Tesla T4,combined_all_v6.csv,676331520,0.0102035522460937,66.28392776240466,23330816,28.98876404494382,,,,,,0.0102035522460937,math (fallback)
GPU (Fused SDPA),gpu_fused,1024,256,measured,true,Tesla T4,combined_all_v6.csv,1615855616,0.0133278398513793,121.23912307010228,30408704,53.13793103448276,,,,,,0.0133278398513793,math (fallback)
GPU (Fused SDPA),gpu_fused,2048,64,measured,true,Tesla T4,combined_all_v6.csv,1161822208,0.0401408004760742,28.943673126112667,73465856,15.814451382694024,,,,,,0.0401408004760742,math (fallback)
GPU (Fused SDPA),gpu_fused,2048,128,measured,true,Tesla T4,combined_all_v6.csv,2436890624,0.0433977928161621,56.152409278576464,79953920,30.478688524590165,,,,,,0.0433977928161621,math (fallback)
GPU (Fused SDPA),gpu_fused,2048,256,measured,true,Tesla T4,combined_all_v6.csv,5389680640,0.0517183036804199,104.21224704708332,93323264,57.752808988764045,,,,,,0.0517183036804199,math (fallback)
GPU FP16 (Fused SDPA),gpu_fused_fp16,128,64,measured,true,Tesla T4,combined_all_v6.csv,8470528,0.0001679359972476,50.43902521688938,360448,23.5,,,,,,0.0001679359972476,mem_efficient
GPU FP16 (Fused SDPA),gpu_fused_fp16,128,128,measured,true,Tesla T4,combined_all_v6.csv,25247744,0.0001725119948387,146.35355659532365,655360,38.525,,,,,,0.0001725119948387,mem_efficient
GPU FP16 (Fused SDPA),gpu_fused_fp16,128,256,measured,true,Tesla T4,combined_all_v6.csv,83968000,0.0001740799993276,482.352943039438,1441792,58.23863636363637,,,,,,0.0001740799993276,mem_efficient
GPU FP16 (Fused SDPA),gpu_fused_fp16,256,64,measured,true,Tesla T4,combined_all_v6.csv,25493504,0.0001640640050172,155.38755132373376,950272,26.82758620689655,,,,,,0.0001640640050172,mem_efficient
GPU FP16 (Fused SDPA),gpu_fused_fp16,256,128,measured,true,Tesla T4,combined_all_v6.csv,67436544,0.0001707199960947,395.0125676115342,1441792,46.77272727272727,,,,,,0.0001707199960947,mem_efficient
GPU FP16 (Fused SDPA),gpu_fused_fp16,256,256,measured,true,Tesla T4,combined_all_v6.csv,201654272,0.0001584960073232,1272.298750016524,2621440,76.925,,,,,,0.0001584960073232,mem_efficient
GPU FP16 (Fused SDPA),gpu_fused_fp16,512,64,measured,true,Tesla T4,combined_all_v6.csv,85196800,0.000169407993555,502.90897266488975,2916352,29.21348314606741,,,,,,0.000169407993555,mem_efficient
GPU FP16 (Fused SDPA),gpu_fused_fp16,512,128,measured,true,Tesla T4,combined_all_v6.csv,202637312,0.0001658560037612,1221.7665167650252,3801088,53.310344827586206,,,,,,0.0001658560037612,mem_efficient
GPU FP16 (Fused SDPA),gpu_fused_fp16,512,256,measured,true,Tesla T4,combined_all_v6.csv,538181632,0.0001655039936304,3251.774293748015,5767168,93.3181818181818,,,,,,0.0001655039936304,mem_efficient
GPU FP16 (Fused SDPA),gpu_fused_fp16,1024,64,measured,true,Tesla T4,combined_all_v6.csv,307232768,0.0002439039945602,1259.646315157486,9994240,30.74098360655738,,,,,,0.0002439039945602,mem_efficient
GPU FP16 (Fused SDPA),gpu_fused_fp16,1024,128,measured,true,Tesla T4,combined_all_v6.csv,676331520,0.0002452480047941,2757.7452488054387,11665408,57.97752808988764,,,,,,0.0002452480047941,mem_efficient
GPU FP16 (Fused SDPA),gpu_fused_fp16,1024,256,measured,true,Tesla T4,combined_all_v6.csv,1615855616,0.0002518720030784,6415.383989687192,15204352,106.27586206896552,,,,,,0.0002518720030784,mem_efficient
GPU FP16 (Fused SDPA),gpu_fused_fp16,2048,64,measured,true,Tesla T4,combined_all_v6.csv,1161822208,0.0005369600057601,2163.7034332848834,36732928,31.628902765388048,,,,,,0.0005369600057601,mem_efficient
GPU FP16 (Fused SDPA),gpu_fused_fp16,2048,128,measured,true,Tesla T4,combined_all_v6.csv,2436890624,0.0005460159778594,4463.039036976807,39976960,60.95737704918033,,,,,,0.0005460159778594,mem_efficient
GPU FP16 (Fused SDPA),gpu_fused_fp16,2048,256,measured,true,Tesla T4,combined_all_v6.csv,5389680640,0.0005595200061798,9632.686196153549,46661632,115.50561797752808,,,,,,0.0005595200061798,mem_efficient
IoT Edge (ARM Cortex-M4F),iot_edge,128,64,mcu_cycle_model,false,n/a (model),combined_all_v6.csv,8470528,0.0785539047619047,0.107830769529204,720896,11.75,0.0285257142857142,0.0190171428571428,0.002631619047619,0.0188708571428571,0.0095085714285714,,
IoT Edge (ARM Cortex-M4F),iot_edge,128,128,mcu_cycle_model,false,n/a (model),combined_all_v6.csv,25247744,0.2290819047619047,0.1102127382179798,1310720,19.2625,0.1132251428571428,0.0377417142857142,0.002631619047619,0.0377417142857142,0.0377417142857142,,
IoT Edge (ARM Cortex-M4F),iot_edge,128,256,mcu_cycle_model,false,n/a (model),combined_all_v6.csv,83968000,0.7637927619047619,0.1099355796336677,2883584,29.119318181818183,0.4565211428571428,0.0760868571428571,0.002631619047619,0.0763794285714285,0.1521737142857142,,
IoT Edge (ARM Cortex-M4F),iot_edge,256,64,mcu_cycle_model,false,n/a (model),combined_all_v6.csv,25493504,0.2405455238095238,0.1059820344866905,1900544,13.413793103448276,0.0570514285714285,0.0769645714285714,0.0105295238095238,0.0769828571428571,0.0190171428571428,,
IoT Edge (ARM Cortex-M4F),iot_edge,256,128,mcu_cycle_model,false,n/a (model),combined_all_v6.csv,67436544,0.6209798095238095,0.1085969993963456,2883584,23.38636363636364,0.2291382857142857,0.1527588571428571,0.0105295238095238,0.1521737142857142,0.0763794285714285,,
IoT Edge (ARM Cortex-M4F),iot_edge,256,256,mcu_cycle_model,false,n/a (model),combined_all_v6.csv,201654272,1.8366140952380952,0.1097967572626398,5242880,38.4625,0.9130422857142856,0.3043474285714285,0.0105295238095238,0.3043474285714285,0.3043474285714285,,
IoT Edge (ARM Cortex-M4F),iot_edge,512,64,mcu_cycle_model,false,n/a (model),combined_all_v6.csv,85196800,0.8130499047619048,0.1047866797610033,5832704,14.606741573033707,0.1167908571428571,0.3078582857142857,0.0421241904761904,0.3073462857142857,0.0389302857142857,,
IoT Edge (ARM Cortex-M4F),iot_edge,512,128,mcu_cycle_model,false,n/a (model),combined_all_v6.csv,202637312,1.871719619047619,0.1082626425121874,7602176,26.655172413793103,0.4582765714285714,0.6110354285714286,0.0421241904761904,0.6075245714285714,0.1527588571428571,,
IoT Edge (ARM Cortex-M4F),iot_edge,512,256,mcu_cycle_model,false,n/a (model),combined_all_v6.csv,538181632,4.909342476190476,0.1096239740067218,11534336,46.65909090909091,1.8260845714285716,1.2173897142857142,0.0421241904761904,1.2150491428571428,0.6086948571428571,,
IoT Edge (ARM Cortex-M4F),iot_edge,1024,64,mcu_cycle_model,false,n/a (model),combined_all_v6.csv,307232768,2.931759238095238,0.1047946789108129,19988480,15.37049180327869,0.2329097142857142,1.2280731428571428,0.1685089523809523,1.2246308571428572,0.0776365714285714,,
IoT Edge (ARM Cortex-M4F),iot_edge,1024,128,mcu_cycle_model,false,n/a (model),combined_all_v6.csv,676331520,6.250383238095238,0.1082064081891572,23330816,28.98876404494382,0.9152091428571428,2.437421714285714,0.1685089523809523,2.4241737142857143,0.3050697142857143,,
IoT Edge (ARM Cortex-M4F),iot_edge,1024,256,mcu_cycle_model,false,n/a (model),combined_all_v6.csv,1615855616,14.735366095238096,0.1096583285109002,30408704,53.13793103448276,3.646793142857143,4.8561188571428575,0.1685089523809523,4.8483474285714285,1.2155977142857144,,
IoT Edge (ARM Cortex-M4F),iot_edge,2048,64,mcu_cycle_model,false,n/a (model),combined_all_v6.csv,1161822208,11.10362819047619,0.1046344661465266,73465856,15.814451382694024,0.4658194285714285,4.912292571428571,0.6740601904761905,4.896182857142857,0.1552731428571428,,
IoT Edge (ARM Cortex-M4F),iot_edge,2048,128,mcu_cycle_model,false,n/a (model),combined_all_v6.csv,2436890624,22.55631847619048,0.1080358315818373,79953920,30.478688524590165,1.8304182857142857,9.749686857142857,0.6740601904761905,9.692013714285714,0.6101394285714286,,
IoT Edge (ARM Cortex-M4F),iot_edge,2048,256,mcu_cycle_model,false,n/a (model),combined_all_v6.csv,5389680640,49.20734476190477,0.1095300034187695,93323264,57.752808988764045,7.293586285714285,19.42447542857143,0.6740601904761905,19.38402742857143,2.431195428571429,,
Optical (Photonic MZI),optical,128,64,photonic_latency_model,false,n/a (model),combined_all_v6.csv,8470528,4.23424e-05,200.0483675937122,720896,11.75,3.84e-08,2.56e-08,4.224e-05,2.56e-08,1.28e-08,,
Optical (Photonic MZI),optical,128,128,photonic_latency_model,false,n/a (model),combined_all_v6.csv,25247744,4.2547200000000005e-05,593.4055354993982,1310720,19.2625,1.536e-07,5.12e-08,4.224e-05,5.12e-08,5.12e-08,,
Optical (Photonic MZI),optical,128,256,photonic_latency_model,false,n/a (model),combined_all_v6.csv,83968000,4.326400000000001e-05,1940.828402366864,2883584,29.119318181818183,6.144e-07,1.024e-07,4.224e-05,1.024e-07,2.048e-07,,
Optical (Photonic MZI),optical,256,64,photonic_latency_model,false,n/a (model),combined_all_v6.csv,25493504,0.0001667072,152.92383292383292,1900544,13.413793103448276,7.68e-08,1.024e-07,0.0001664,1.024e-07,2.56e-08,,
Optical (Photonic MZI),optical,256,128,photonic_latency_model,false,n/a (model),combined_all_v6.csv,67436544,0.0001672192,403.2823025107164,2883584,23.38636363636364,3.072e-07,2.048e-07,0.0001664,2.048e-07,1.024e-07,,
Optical (Photonic MZI),optical,256,256,photonic_latency_model,false,n/a (model),combined_all_v6.csv,201654272,0.0001688576,1194.2268041237114,5242880,38.4625,1.2288e-06,4.096e-07,0.0001664,4.096e-07,4.096e-07,,
Optical (Photonic MZI),optical,512,64,photonic_latency_model,false,n/a (model),combined_all_v6.csv,85196800,0.0006615039999999,128.79256965944273,5832704,14.606741573033707,1.536e-07,4.096e-07,0.00066048,4.096e-07,5.12e-08,,
Optical (Photonic MZI),optical,512,128,photonic_latency_model,false,n/a (model),combined_all_v6.csv,202637312,0.0006629375999999,305.66573988260734,7602176,26.655172413793103,6.144e-07,8.192e-07,0.00066048,8.192e-07,2.048e-07,,
Optical (Photonic MZI),optical,512,256,photonic_latency_model,false,n/a (model),combined_all_v6.csv,538181632,0.0006670335999999,806.8283696653363,11534336,46.65909090909091,2.4576e-06,1.6384e-06,0.00066048,1.6384e-06,8.192e-07,,
Optical (Photonic MZI),optical,1024,64,photonic_latency_model,false,n/a (model),combined_all_v6.csv,307232768,0.0026353664,116.5806652160398,19988480,15.37049180327869,3.072e-07,1.6384e-06,0.00263168,1.6384e-06,1.024e-07,,
Optical (Photonic MZI),optical,1024,128,photonic_latency_model,false,n/a (model),combined_all_v6.csv,676331520,0.002639872,256.19860356865786,23330816,28.98876404494382,1.2288e-06,3.2768e-06,0.00263168,3.2768e-06,4.096e-07,,
Optical (Photonic MZI),optical,1024,256,photonic_latency_model,false,n/a (model),combined_all_v6.csv,1615855616,0.0026513408,609.4484782944538,30408704,53.13793103448276,4.9152e-06,6.5536e-06,0.00263168,6.5536e-06,1.6384e-06,,
Optical (Photonic MZI),optical,2048,64,photonic_latency_model,false,n/a (model),combined_all_v6.csv,1161822208,0.0105201664,110.43762653792244,73465856,15.814451382694024,6.144e-07,6.5536e-06,0.01050624,6.5536e-06,2.048e-07,,
Optical (Photonic MZI),optical,2048,128,photonic_latency_model,false,n/a (model),combined_all_v6.csv,2436890624,0.0105357312,231.29772179457277,79953920,30.478688524590165,2.4576e-06,1.31072e-05,0.01050624,1.31072e-05,8.192e-07,,
Optical (Photonic MZI),optical,2048,256,photonic_latency_model,false,n/a (model),combined_all_v6.csv,5389680640,0.010571776,509.8179000387447,93323264,57.752808988764045,9.8304e-06,2.62144e-05,0.01050624,2.62144e-05,3.2768e-06,,
Quantum (Gate-based),quantum,32,16,gate_count_model,false,n/a (model),combined_all_v6.csv,136192,0.2113169066666666,0.0006444917358876,45056,3.022727272727273,0.0769344,0.0511999999999999,0.0067601066666666,0.0507776,0.0256448,,
TPU (Fused SDPA),tpu_fused,128,64,measured,true,"TPU_0(process=0,(0,0,0,0))",combined_all_v6.csv,8470528,0.0001401399999849,60.44332810695467,720896,11.75,,,,,,0.0001401399999849,
TPU (Fused SDPA),tpu_fused,128,128,measured,true,"TPU_0(process=0,(0,0,0,0))",combined_all_v6.csv,25247744,0.0001318099999707,191.54649879069612,1310720,19.2625,,,,,,0.0001318099999707,
TPU (Fused SDPA),tpu_fused,128,256,measured,true,"TPU_0(process=0,(0,0,0,0))",combined_all_v6.csv,83968000,0.0001309599999785,641.1728773192584,2883584,29.119318181818183,,,,,,0.0001309599999785,
TPU (Fused SDPA),tpu_fused,256,64,measured,true,"TPU_0(process=0,(0,0,0,0))",combined_all_v6.csv,25493504,0.000131299999964,194.16225443239384,1900544,13.413793103448276,,,,,,0.000131299999964,
TPU (Fused SDPA),tpu_fused,256,128,measured,true,"TPU_0(process=0,(0,0,0,0))",combined_all_v6.csv,67436544,0.000122680000004,549.6946853421917,2883584,23.38636363636364,,,,,,0.000122680000004,
TPU (Fused SDPA),tpu_fused,256,256,measured,true,"TPU_0(process=0,(0,0,0,0))",combined_all_v6.csv,201654272,0.0001543100000276,1306.8127273921698,5242880,38.4625,,,,,,0.0001543100000276,
TPU (Fused SDPA),tpu_fused,512,64,measured,true,"TPU_0(process=0,(0,0,0,0))",combined_all_v6.csv,85196800,0.0001551099999801,549.2669718967699,5832704,14.606741573033707,,,,,,0.0001551099999801,
TPU (Fused SDPA),tpu_fused,512,128,measured,true,"TPU_0(process=0,(0,0,0,0))",combined_all_v6.csv,202637312,0.0001288400000021,1572.78261406902,7602176,26.655172413793103,,,,,,0.0001288400000021,
TPU (Fused SDPA),tpu_fused,512,256,measured,true,"TPU_0(process=0,(0,0,0,0))",combined_all_v6.csv,538181632,0.0001945099999716,2766.858424135199,11534336,46.65909090909091,,,,,,0.0001945099999716,
TPU (Fused SDPA),tpu_fused,1024,64,measured,true,"TPU_0(process=0,(0,0,0,0))",combined_all_v6.csv,307232768,0.0001991109999721,1543.022575563144,19988480,15.37049180327869,,,,,,0.0001991109999721,
TPU (Fused SDPA),tpu_fused,1024,128,measured,true,"TPU_0(process=0,(0,0,0,0))",combined_all_v6.csv,676331520,0.000198360000013,3409.61645470605,23330816,28.98876404494382,,,,,,0.000198360000013,
TPU (Fused SDPA),tpu_fused,1024,256,measured,true,"TPU_0(process=0,(0,0,0,0))",combined_all_v6.csv,1615855616,0.0002303200000142,7015.698228118524,30408704,53.13793103448276,,,,,,0.0002303200000142,
TPU (Fused SDPA),tpu_fused,2048,64,measured,true,"TPU_0(process=0,(0,0,0,0))",combined_all_v6.csv,1161822208,0.0002393199999914,4854.680795760042,73465856,15.814451382694024,,,,,,0.0002393199999914,
TPU (Fused SDPA),tpu_fused,2048,128,measured,true,"TPU_0(process=0,(0,0,0,0))",combined_all_v6.csv,2436890624,0.0002191400000128,11120.245614021693,79953920,30.478688524590165,,,,,,0.0002191400000128,
TPU (Fused SDPA),tpu_fused,2048,256,measured,true,"TPU_0(process=0,(0,0,0,0))",combined_all_v6.csv,5389680640,0.0003417309999917,15771.705347566914,93323264,57.752808988764045,,,,,,0.0003417309999917,
TPU (Systolic Array),tpu_systolic,128,64,measured,true,"TPU_0(process=0,(0,0,0,0))",combined_all_paradigms.csv,8470528,0.0005873280000514,14.422142311038945,720896,11.75,0.0001511199999981,0.0001120200000173,0.0001071890000048,0.0001086490000261,0.0001083500000049,,
TPU (Systolic Array),tpu_systolic,128,128,measured,true,"TPU_0(process=0,(0,0,0,0))",combined_all_paradigms.csv,25247744,0.0005846889999929,43.18149306777322,1310720,19.2625,0.0001584999999977,0.000110248999988,0.0001053709999609,0.000104489000023,0.0001060800000232,,
TPU (Systolic Array),tpu_systolic,128,256,measured,true,"TPU_0(process=0,(0,0,0,0))",combined_all_paradigms.csv,83968000,0.000581029999978,144.51577371767266,2883584,29.119318181818183,0.0001564699999789,0.0001083999999877,0.0001034499999832,0.0001059300000179,0.00010678000001,,
TPU (Systolic Array),tpu_systolic,256,64,measured,true,"TPU_0(process=0,(0,0,0,0))",combined_all_paradigms.csv,25493504,0.0005758199999377,44.27339099502847,1900544,13.413793103448276,0.000154000000009,0.0001080899999692,0.0001043399999502,0.0001051500000244,0.0001042399999846,,
TPU (Systolic Array),tpu_systolic,256,128,measured,true,"TPU_0(process=0,(0,0,0,0))",combined_all_paradigms.csv,67436544,0.0005795620000412,116.35777362076354,2883584,23.38636363636364,0.000156311000012,0.0001070710000021,0.0001052910000112,0.0001059690000033,0.0001049200000124,,
TPU (Systolic Array),tpu_systolic,256,256,measured,true,"TPU_0(process=0,(0,0,0,0))",combined_all_paradigms.csv,201654272,0.0006346209999605,317.7554351534586,5242880,38.4625,0.0001872400000024,0.0001148900000202,0.0001086909999798,0.0001136199999791,0.0001101799999787,,
TPU (Systolic Array),tpu_systolic,512,64,measured,true,"TPU_0(process=0,(0,0,0,0))",combined_all_paradigms.csv,85196800,0.0006190299999957,137.62951714874154,5832704,14.606741573033707,0.0001851600000009,0.0001148499999885,0.0001079300000128,0.0001077900000154,0.0001032999999779,,
TPU (Systolic Array),tpu_systolic,512,128,measured,true,"TPU_0(process=0,(0,0,0,0))",combined_all_paradigms.csv,202637312,0.0005900700000438,343.4123273254711,7602176,26.655172413793103,0.0001563000000146,0.0001106500000105,0.0001064700000483,0.0001091099999825,0.0001075399999876,,
TPU (Systolic Array),tpu_systolic,512,256,measured,true,"TPU_0(process=0,(0,0,0,0))",combined_all_paradigms.csv,538181632,0.0006605890000059,814.6996574195521,11534336,46.65909090909091,0.0001889499999947,0.0001216300000237,0.0001157099999886,0.0001192089999904,0.0001150900000084,,
TPU (Systolic Array),tpu_systolic,1024,64,measured,true,"TPU_0(process=0,(0,0,0,0))",combined_all_paradigms.csv,307232768,0.0009204400000726,333.78902261500656,19988480,15.37049180327869,0.0002320799999893,0.0001816399999938,0.0001800900000148,0.0001701700000467,0.0001564600000278,,
TPU (Systolic Array),tpu_systolic,1024,128,measured,true,"TPU_0(process=0,(0,0,0,0))",combined_all_paradigms.csv,676331520,0.0007662889999551,882.6063274294803,23330816,28.98876404494382,0.0001966089999996,0.000138990000039,0.0001440499999603,0.0001500099999702,0.0001366299999858,,
TPU (Systolic Array),tpu_systolic,1024,256,measured,true,"TPU_0(process=0,(0,0,0,0))",combined_all_paradigms.csv,1615855616,0.0010306199999945,1567.8481069730428,30408704,53.13793103448276,0.0002505399999677,0.000202339999987,0.0001874900000302,0.0002034600000229,0.0001867899999865,,
TPU (Systolic Array),tpu_systolic,2048,64,measured,true,"TPU_0(process=0,(0,0,0,0))",combined_all_paradigms.csv,1161822208,0.0009081900000182,1279.272187512081,73465856,15.814451382694024,0.000195739999981,0.0001805200000148,0.0002054999999927,0.0001835400000231,0.0001428900000064,,
TPU (Systolic Array),tpu_systolic,2048,128,measured,true,"TPU_0(process=0,(0,0,0,0))",combined_all_paradigms.csv,2436890624,0.0009639599999786,2527.9997344847534,79953920,30.478688524590165,0.0002180099999691,0.0001919200000202,0.0002079299999877,0.0002024400000095,0.0001436599999919,,
TPU (Systolic Array),tpu_systolic,2048,256,measured,true,"TPU_0(process=0,(0,0,0,0))",combined_all_paradigms.csv,5389680640,0.0010980999999787,4908.187451146639,93323264,57.752808988764045,0.0002362799999673,0.0002270300000191,0.0002255999999647,0.0002519900000379,0.0001571999999896,,
WSN (Wireless Sensor Network),wsn,128,64,network_latency_model,false,n/a (model),combined_all_v6.csv,8470528,4.165928,0.0020332871811514,720896,11.75,1.81872,0.60624,0.039896,1.094832,0.60624,,
WSN (Wireless Sensor Network),wsn,128,128,network_latency_model,false,n/a (model),combined_all_v6.csv,25247744,6.608888,0.003820271125793,1310720,19.2625,3.284496,1.094832,0.039896,1.094832,1.094832,,
WSN (Wireless Sensor Network),wsn,128,256,network_latency_model,false,n/a (model),combined_all_v6.csv,83968000,11.494808,0.0073048632043266,2883584,29.119318181818183,6.216048000000001,2.072016,0.039896,1.094832,2.072016,,
WSN (Wireless Sensor Network),wsn,256,64,network_latency_model,false,n/a (model),combined_all_v6.csv,25493504,5.750312,0.0044334123087582,1900544,13.413793103448276,1.81872,1.21248,0.040856,2.072016,0.60624,,
WSN (Wireless Sensor Network),wsn,256,128,network_latency_model,false,n/a (model),combined_all_v6.csv,67436544,8.681864000000001,0.0077675190489047,2883584,23.38636363636364,3.284496,2.189664,0.040856,2.072016,1.094832,,
WSN (Wireless Sensor Network),wsn,256,256,network_latency_model,false,n/a (model),combined_all_v6.csv,201654272,24.905048,0.0080969236437528,5242880,38.4625,12.432096,4.144032,0.040856,4.144032,4.144032,,
WSN (Wireless Sensor Network),wsn,512,64,network_latency_model,false,n/a (model),combined_all_v6.csv,85196800,10.13348,0.008407457260487,5832704,14.606741573033707,1.81872,3.63744,0.044696,4.026384,0.60624,,
WSN (Wireless Sensor Network),wsn,512,128,network_latency_model,false,n/a (model),combined_all_v6.csv,202637312,23.425112,0.0086504308709388,7602176,26.655172413793103,6.568992,6.568992,0.044696,8.052768,2.189664,,
WSN (Wireless Sensor Network),wsn,512,256,network_latency_model,false,n/a (model),combined_all_v6.csv,538181632,49.42013600000001,0.0108899261628903,11534336,46.65909090909091,18.648144,12.432096,0.044696,12.079152,6.216048000000001,,
WSN (Wireless Sensor Network),wsn,1024,64,network_latency_model,false,n/a (model),combined_all_v6.csv,307232768,33.511256,0.0091680469392134,19988480,15.37049180327869,3.63744,12.73104,0.060056,15.87024,1.21248,,
WSN (Wireless Sensor Network),wsn,1024,128,network_latency_model,false,n/a (model),combined_all_v6.csv,676331520,59.994872,0.0112731554790216,23330816,28.98876404494382,9.853488,22.991472,0.060056,23.80536,3.284496,,
WSN (Wireless Sensor Network),wsn,1024,256,network_latency_model,false,n/a (model),combined_all_v6.csv,1615855616,140.911496,0.0114671667100887,30408704,53.13793103448276,37.296288,43.512336000000005,0.060056,47.61072,12.432096,,
WSN (Wireless Sensor Network),wsn,2048,64,network_latency_model,false,n/a (model),combined_all_v6.csv,1161822208,120.724664,0.0096237352791472,73465856,15.814451382694024,7.27488,47.89296,0.121496,63.01036800000001,2.42496,,
WSN (Wireless Sensor Network),wsn,2048,128,network_latency_model,false,n/a (model),combined_all_v6.csv,2436890624,207.404744,0.0117494449596582,79953920,30.478688524590165,19.706976,86.49172800000001,0.121496,94.515552,6.568992,,
WSN (Wireless Sensor Network),wsn,2048,256,network_latency_model,false,n/a (model),combined_all_v6.csv,5389680640,404.21732,0.0133336212312723,93323264,57.752808988764045,62.16048,163.689264,0.121496,157.52592,20.72016,,
